datetime,weather_station_id,min_temperature,max_temperature,rain_duration_active_hours,total_rainfall_active_hours
2022-12-01,135,-7.5,0.0,0,0.0
2022-12-02,135,-9.7,2.2,0,0.0
2022-12-03,135,-5.6,7.8,0,0.0
2022-12-04,135,-3.0,3.0,0,0.0
2022-12-05,135,-5.2,1.6,0,0.0
2022-12-06,135,-7.6,3.9,1,0.1
2022-12-07,135,1.9,7.0,0,0.0
2022-12-08,135,-1.5,9.1,0,0.0
2022-12-09,135,-4.5,10.6,0,0.0
2022-12-10,135,-3.0,5.6,0,0.0
2022-12-11,135,-3.3,6.9,0,0.0
2022-12-12,135,-5.9,5.9,0,0.0
2022-12-13,135,-1.3,4.4,2,2.6
2022-12-14,135,-10.9,-2.7,2,0.30000000000000004
2022-12-15,135,-11.5,4.0,1,0.7
2022-12-16,135,-6.2,-0.3,1,0.5
2022-12-17,135,-9.1,-4.0,2,0.30000000000000004
2022-12-18,135,-12.4,-5.7,0,0.0
2022-12-19,135,-13.4,-0.9,0,0.0
2022-12-20,135,-10.0,2.3,0,0.0
2022-12-21,135,-4.7,1.2,6,6.0
2022-12-22,135,-9.7,0.2,1,0.6
2022-12-23,135,-10.4,-7.0,1,0.4
2022-12-24,135,-11.7,-3.5,0,0.0
2022-12-25,135,-9.5,0.0,0,0.0
2022-12-26,135,-7.1,0.3,0,0.0
2022-12-27,135,-7.8,1.7,0,0.0
2022-12-28,135,-4.8,-0.5,0,0.0
2022-12-29,135,-7.0,-0.2,0,0.0
2022-12-30,135,-7.5,1.2,0,0.0
2022-12-31,135,-5.6,1.5,0,0.0
2023-01-01,135,-1.8,4.0,0,0.0
2023-01-02,135,-6.0,0.6,0,0.0
2023-01-03,135,-8.0,0.8,0,0.0
2023-01-04,135,-5.1,3.6,0,0.0
2023-01-05,135,-7.6,4.0,0,0.0
2023-01-06,135,-4.2,6.9,0,0.0
2023-01-07,135,-1.4,4.7,2,1.9
2023-01-08,135,-5.5,7.5,0,0.0
2023-01-09,135,-4.3,6.0,0,0.0
2023-01-10,135,-7.1,9.2,0,0.0
2023-01-11,135,-5.9,10.1,0,0.0
2023-01-12,135,-5.7,12.9,0,0.0
2023-01-13,135,2.9,13.0,5,15.9
2023-01-14,135,4.1,10.3,3,2.3
2023-01-15,135,-3.5,4.1,5,2.1
2023-01-16,135,-5.6,-0.9,0,0.0
2023-01-17,135,-7.0,0.7,0,0.0
2023-01-18,135,-5.8,2.0,0,0.0
2023-01-19,135,-7.2,3.8,0,0.0
2023-01-20,135,-6.7,2.2,0,0.0
2023-01-21,135,-9.4,0.3,0,0.0
2023-01-22,135,-7.1,2.8,0,0.0
2023-01-23,135,-5.9,6.1,0,0.0
2023-01-24,135,-14.4,-2.5,1,0.2
2023-01-25,135,-17.8,-7.0,0,0.0
2023-01-26,135,-15.5,-4.3,2,0.5
2023-01-27,135,-8.7,-4.2,1,0.1
2023-01-28,135,-10.5,-2.2,0,0.0
2023-01-29,135,-8.4,3.1,1,0.4
2023-01-30,135,-6.1,2.3,0,0.0
2023-01-31,135,-9.4,9.0,0,0.0
2023-03-01,127,3.5,9.0,0,0.0
2023-03-01,131,4.0,9.6,0,0.0
2023-03-01,133,3.0,10.8,0,0.0
2023-03-01,221,2.0,7.5,0,0.0
2023-03-02,127,-2.7,6.5,0,0.0
2023-03-02,131,0.4,5.9,0,0.0
2023-03-02,133,-1.4,7.5,0,0.0
2023-03-02,221,-3.3,5.1,0,0.0
2023-03-03,127,-5.8,11.1,0,0.0
2023-03-03,131,-2.2,12.6,0,0.0
2023-03-03,133,-4.1,12.6,0,0.0
2023-03-03,221,-7.6,9.9,0,0.0
2023-03-04,127,-1.9,13.4,0,0.0
2023-03-04,131,1.2,13.3,0,0.0
2023-03-04,133,-0.4,13.4,0,0.0
2023-03-04,221,-4.1,12.9,0,0.0
2023-03-05,127,-1.9,15.4,0,0.0
2023-03-05,131,1.4,15.8,0,0.0
2023-03-05,133,-0.5,16.7,0,0.0
2023-03-05,221,-4.0,14.2,0,0.0
2023-03-06,127,-2.5,16.6,0,0.0
2023-03-06,131,1.2,17.3,0,0.0
2023-03-06,133,-0.3,17.3,0,0.0
2023-03-06,221,-4.6,15.1,0,0.0
2023-03-07,127,0.6,20.0,0,0.0
2023-03-07,131,4.5,20.7,0,0.0
2023-03-07,133,3.6,20.4,0,0.0
2023-03-07,221,-2.0,17.7,0,0.0
2023-03-08,127,2.5,19.7,0,0.0
2023-03-08,131,7.7,21.1,0,0.0
2023-03-08,133,7.8,20.7,0,0.0
2023-03-08,221,-0.7,18.1,0,0.0
2023-03-09,127,6.6,20.4,0,0.0
2023-03-09,131,10.3,20.3,0,0.0
2023-03-09,133,10.1,19.6,0,0.0
2023-03-09,221,4.5,18.4,1,0.2
2023-03-10,127,1.7,23.8,0,0.0
2023-03-10,131,6.4,23.6,0,0.0
2023-03-10,133,4.2,23.8,0,0.0
2023-03-10,221,-0.8,21.1,0,0.0
2023-03-11,127,5.5,23.8,0,0.0
2023-03-11,131,9.3,24.5,0,0.0
2023-03-11,133,7.8,24.6,0,0.0
2023-03-11,221,2.2,21.5,0,0.0
2023-03-12,127,1.0,12.4,3,10.200000000000001
2023-03-12,131,1.3,15.8,4,9.0
2023-03-12,133,0.8,14.4,3,12.4
2023-03-12,221,0.0,9.2,3,8.6
2023-03-13,127,-2.1,7.6,0,0.0
2023-03-13,131,-0.7,9.4,0,0.0
2023-03-13,133,-2.3,8.8,0,0.0
2023-03-13,221,-3.8,6.5,0,0.0
2023-03-14,127,-0.2,16.6,0,0.0
2023-03-14,131,2.5,17.5,0,0.0
2023-03-14,133,0.0,17.4,0,0.0
2023-03-14,221,-3.4,14.8,0,0.0
2023-03-15,127,-0.5,19.0,0,0.0
2023-03-15,131,5.7,19.0,0,0.0
2023-03-15,133,3.5,18.7,0,0.0
2023-03-15,221,-3.4,17.0,0,0.0
2023-03-16,127,-1.3,10.5,0,0.0
2023-03-16,131,2.2,11.0,0,0.0
2023-03-16,133,1.1,11.6,0,0.0
2023-03-16,221,-2.6,9.3,0,0.0
2023-03-17,127,-1.8,12.9,0,0.0
2023-03-17,131,2.5,12.8,0,0.0
2023-03-17,133,2.3,12.3,0,0.0
2023-03-17,221,-3.9,12.0,0,0.0
2023-03-18,127,2.7,15.6,0,0.0
2023-03-18,131,5.9,14.1,0,0.0
2023-03-18,133,4.9,16.5,0,0.0
2023-03-18,221,0.8,14.4,0,0.0
2023-03-19,127,-1.4,15.6,0,0.0
2023-03-19,131,2.5,15.9,0,0.0
2023-03-19,133,0.4,16.8,0,0.0
2023-03-19,221,-3.7,14.7,0,0.0
2023-03-20,127,-0.5,17.5,0,0.0
2023-03-20,131,3.4,18.7,0,0.0
2023-03-20,133,1.9,19.5,0,0.0
2023-03-20,221,-2.7,16.3,0,0.0
2023-03-21,127,0.5,22.4,0,0.0
2023-03-21,131,5.5,22.7,0,0.0
2023-03-21,133,3.9,23.1,0,0.0
2023-03-21,221,-1.7,21.2,0,0.0
2023-03-22,127,4.2,24.7,0,0.0
2023-03-22,131,8.8,25.4,0,0.0
2023-03-22,133,7.0,25.0,0,0.0
2023-03-22,221,1.3,23.6,0,0.0
2023-03-23,127,13.3,18.5,4,6.5
2023-03-23,131,12.8,20.2,3,9.8
2023-03-23,133,13.1,20.4,4,11.4
2023-03-23,221,9.4,15.4,5,5.2
2023-03-24,127,9.7,15.3,0,0.0
2023-03-24,131,7.9,18.1,0,0.0
2023-03-24,133,7.2,17.5,0,0.0
2023-03-24,221,6.8,12.3,0,0.0
2023-03-25,127,8.8,13.4,0,0.0
2023-03-25,131,10.1,14.1,0,0.0
2023-03-25,133,9.2,12.7,0,0.0
2023-03-25,221,6.6,11.6,0,0.0
2023-03-26,127,3.7,16.2,0,0.0
2023-03-26,131,6.4,15.4,0,0.0
2023-03-26,133,4.6,16.2,0,0.0
2023-03-26,221,2.1,15.1,0,0.0
2023-03-27,127,-2.1,13.8,0,0.0
2023-03-27,131,2.5,14.6,0,0.0
2023-03-27,133,0.1,14.9,0,0.0
2023-03-27,221,-4.2,12.7,0,0.0
2023-03-28,127,-1.6,15.9,0,0.0
2023-03-28,131,2.0,15.6,0,0.0
2023-03-28,133,0.6,16.0,0,0.0
2023-03-28,221,-3.1,15.2,0,0.0
2023-03-29,127,0.6,19.8,0,0.0
2023-03-29,131,4.0,20.7,0,0.0
2023-03-29,133,2.0,20.8,0,0.0
2023-03-29,221,-2.2,18.4,0,0.0
2023-03-30,127,1.7,22.1,0,0.0
2023-03-30,131,6.4,22.8,0,0.0
2023-03-30,133,4.5,22.9,0,0.0
2023-03-30,221,-0.5,20.8,0,0.0
2023-03-31,127,2.2,23.9,0,0.0
2023-03-31,131,7.2,23.6,0,0.0
2023-03-31,133,5.2,23.9,0,0.0
2023-03-31,221,0.0,22.4,0,0.0
2023-04-01,127,4.1,25.2,0,0.0
2023-04-01,131,8.9,25.4,0,0.0
2023-04-01,133,6.7,25.2,0,0.0
2023-04-01,221,2.4,23.7,0,0.0
2023-04-02,127,7.3,22.6,0,0.0
2023-04-02,131,11.6,22.7,0,0.0
2023-04-02,133,9.8,22.8,0,0.0
2023-04-02,221,3.4,20.9,0,0.0
2023-04-03,127,5.5,23.6,0,0.0
2023-04-03,131,10.0,23.7,0,0.0
2023-04-03,133,8.8,22.7,0,0.0
2023-04-03,221,2.7,22.2,0,0.0
2023-04-04,127,9.6,22.8,2,3.7
2023-04-04,131,12.6,22.7,5,6.699999999999999
2023-04-04,133,11.2,21.9,6,6.5
2023-04-04,221,5.5,20.9,1,2.1
2023-04-05,127,10.1,17.7,13,5.8
2023-04-05,131,9.6,16.7,16,10.3
2023-04-05,133,8.5,15.7,19,19.6
2023-04-05,221,10.5,14.7,20,23.8
2023-04-06,127,8.0,10.6,8,3.5
2023-04-06,131,8.0,11.3,3,2.4
2023-04-06,133,7.7,10.0,5,3.1
2023-04-06,221,7.2,9.4,9,2.8
2023-04-07,127,4.1,16.1,1,0.7
2023-04-07,131,5.0,15.6,1,0.4
2023-04-07,133,3.6,15.0,2,1.4000000000000001
2023-04-07,221,4.0,13.6,1,0.5
2023-04-08,127,-0.3,15.0,0,0.0
2023-04-08,131,2.5,15.3,0,0.0
2023-04-08,133,1.7,15.5,0,0.0
2023-04-08,221,-2.1,13.3,0,0.0
2023-04-09,127,-0.3,19.1,0,0.0
2023-04-09,131,4.4,18.9,0,0.0
2023-04-09,133,2.1,18.2,0,0.0
2023-04-09,221,-2.4,17.4,0,0.0
2023-04-10,127,1.1,21.6,0,0.0
2023-04-10,131,4.8,21.3,0,0.0
2023-04-10,133,2.6,20.6,0,0.0
2023-04-10,221,-1.1,19.4,0,0.0
2023-04-11,127,6.8,20.3,2,1.0
2023-04-11,131,11.6,20.8,1,0.2
2023-04-11,133,10.7,20.4,0,0.0
2023-04-11,221,4.6,19.5,3,2.5
2023-04-12,127,3.0,16.3,0,0.0
2023-04-12,131,6.9,17.6,0,0.0
2023-04-12,133,4.1,17.4,0,0.0
2023-04-12,221,1.4,15.3,0,0.0
2023-04-13,127,0.2,19.6,0,0.0
2023-04-13,131,5.1,23.0,0,0.0
2023-04-13,133,3.2,23.1,0,0.0
2023-04-13,221,-2.1,18.4,0,0.0
2023-04-14,127,7.0,24.4,0,0.0
2023-04-14,131,10.6,23.0,0,0.0
2023-04-14,133,7.1,21.5,0,0.0
2023-04-14,221,5.4,22.7,0,0.0
2023-04-15,127,9.3,15.4,4,8.9
2023-04-15,131,11.1,16.8,3,6.4
2023-04-15,133,9.4,15.4,5,13.2
2023-04-15,221,6.9,15.1,3,6.2
2023-04-16,127,6.2,15.9,1,0.1
2023-04-16,131,8.0,16.2,0,0.0
2023-04-16,133,6.9,16.9,0,0.0
2023-04-16,221,4.5,14.3,0,0.0
2023-04-17,127,2.6,18.5,0,0.0
2023-04-17,131,6.8,20.2,0,0.0
2023-04-17,133,4.8,20.4,0,0.0
2023-04-17,221,1.0,16.5,0,0.0
2023-04-18,127,10.6,15.5,5,2.8
2023-04-18,131,11.5,16.7,5,1.4
2023-04-18,133,12.6,15.3,5,1.3
2023-04-18,221,9.1,12.6,9,2.3
2023-04-19,127,10.7,27.0,0,0.0
2023-04-19,131,13.8,27.1,0,0.0
2023-04-19,133,13.3,27.9,0,0.0
2023-04-19,221,9.5,26.7,0,0.0
2023-04-20,127,14.1,22.8,2,0.4
2023-04-20,131,16.6,26.3,0,0.0
2023-04-20,133,15.9,25.3,0,0.0
2023-04-20,221,12.8,20.8,0,0.0
2023-04-21,127,13.8,21.0,0,0.0
2023-04-21,131,15.0,22.8,0,0.0
2023-04-21,133,14.1,23.1,0,0.0
2023-04-21,221,9.1,19.0,0,0.0
2023-04-22,127,7.0,20.8,0,0.0
2023-04-22,131,12.1,21.5,0,0.0
2023-04-22,133,11.1,21.0,0,0.0
2023-04-22,221,4.7,19.6,0,0.0
2023-04-23,127,7.1,19.8,0,0.0
2023-04-23,131,12.0,20.7,0,0.0
2023-04-23,133,11.5,20.4,0,0.0
2023-04-23,221,4.1,19.2,0,0.0
2023-04-24,127,9.6,18.6,0,0.0
2023-04-24,131,13.6,19.0,0,0.0
2023-04-24,133,12.2,19.4,0,0.0
2023-04-24,221,9.2,17.2,0,0.0
2023-04-25,127,7.0,10.5,8,3.0
2023-04-25,131,9.3,12.9,5,0.7
2023-04-25,133,8.2,11.5,7,1.8
2023-04-25,221,3.8,8.3,8,4.0
2023-04-26,127,4.0,12.6,2,0.2
2023-04-26,131,7.5,13.9,0,0.0
2023-04-26,133,5.5,15.6,0,0.0
2023-04-26,221,2.3,11.2,4,0.5
2023-04-27,127,1.6,21.8,0,0.0
2023-04-27,131,4.3,22.1,0,0.0
2023-04-27,133,2.5,22.3,0,0.0
2023-04-27,221,-0.3,20.3,0,0.0
2023-04-28,127,4.8,23.5,0,0.0
2023-04-28,131,9.3,23.5,0,0.0
2023-04-28,133,5.9,22.7,0,0.0
2023-04-28,221,2.7,21.4,1,0.1
2023-04-29,127,9.6,18.2,5,2.0
2023-04-29,131,10.3,18.7,2,1.6
2023-04-29,133,8.9,18.2,8,7.6
2023-04-29,221,8.5,16.0,8,3.8
2023-04-30,127,7.6,21.2,0,0.0
2023-04-30,131,8.0,21.0,0,0.0
2023-04-30,133,7.1,19.6,0,0.0
2023-04-30,221,7.6,18.9,0,0.0
2023-05-01,127,7.8,20.4,0,0.0
2023-05-01,131,10.5,21.2,0,0.0
2023-05-01,133,9.4,21.1,0,0.0
2023-05-01,221,5.5,18.8,2,0.30000000000000004
2023-05-01,226,7.1,19.3,0,0.0
2023-05-02,127,3.9,24.5,0,0.0
2023-05-02,131,8.6,25.8,0,0.0
2023-05-02,133,6.7,25.4,0,0.0
2023-05-02,221,2.2,22.4,0,0.0
2023-05-02,226,3.7,24.4,0,0.0
2023-05-03,127,9.3,26.6,0,0.0
2023-05-03,131,15.0,26.5,0,0.0
2023-05-03,133,12.1,25.4,0,0.0
2023-05-03,221,7.5,25.1,0,0.0
2023-05-03,226,10.7,24.5,0,0.0
2023-05-04,127,12.8,25.8,0,0.0
2023-05-04,131,16.7,27.1,0,0.0
2023-05-04,133,15.1,25.9,1,0.7
2023-05-04,221,9.7,24.5,0,0.0
2023-05-04,226,12.2,24.4,0,0.0
2023-05-05,127,17.5,21.0,19,35.300000000000004
2023-05-05,131,17.7,21.4,20,50.4
2023-05-05,133,16.4,20.7,23,84.39999999999999
2023-05-05,221,16.1,18.8,21,49.0
2023-05-05,226,17.1,20.1,20,57.4
2023-05-06,127,11.6,19.8,17,35.9
2023-05-06,131,12.3,20.6,20,53.699999999999996
2023-05-06,133,12.3,19.6,18,38.6
2023-05-06,221,10.1,18.4,17,55.9
2023-05-06,226,11.1,20.1,18,14.8
2023-05-07,127,7.5,14.6,5,1.3
2023-05-07,131,11.1,15.2,2,0.2
2023-05-07,133,8.3,15.3,2,0.2
2023-05-07,221,4.9,13.4,4,0.9
2023-05-07,226,7.0,14.2,3,0.4
2023-05-08,127,3.2,22.0,0,0.0
2023-05-08,131,7.5,23.0,0,0.0
2023-05-08,133,5.2,22.0,0,0.0
2023-05-08,221,1.4,20.9,0,0.0
2023-05-08,226,3.9,20.9,0,0.0
2023-05-09,127,5.5,24.8,0,0.0
2023-05-09,131,9.6,25.1,0,0.0
2023-05-09,133,7.3,25.3,0,0.0
2023-05-09,221,4.5,23.6,0,0.0
2023-05-09,226,4.6,24.0,0,0.0
2023-05-10,127,7.4,25.1,0,0.0
2023-05-10,131,11.3,25.7,0,0.0
2023-05-10,133,9.4,25.6,0,0.0
2023-05-10,221,5.9,24.1,0,0.0
2023-05-10,226,7.5,24.7,0,0.0
2023-05-11,127,8.5,26.4,0,0.0
2023-05-11,131,12.6,27.7,0,0.0
2023-05-11,133,10.2,26.5,0,0.0
2023-05-11,221,7.4,24.5,0,0.0
2023-05-11,226,8.2,25.3,0,0.0
2023-05-12,127,10.8,24.6,0,0.0
2023-05-12,131,14.8,24.6,0,0.0
2023-05-12,133,11.8,25.3,0,0.0
2023-05-12,221,8.9,23.8,0,0.0
2023-05-12,226,10.0,24.0,0,0.0
2023-05-13,127,10.4,25.0,0,0.0
2023-05-13,131,14.5,24.9,0,0.0
2023-05-13,133,12.8,24.1,0,0.0
2023-05-13,221,9.0,23.8,0,0.0
2023-05-13,226,10.3,23.0,0,0.0
2023-05-14,127,9.3,24.7,0,0.0
2023-05-14,131,12.6,25.7,0,0.0
2023-05-14,133,10.0,25.2,0,0.0
2023-05-14,221,8.2,22.5,0,0.0
2023-05-14,226,8.4,23.8,0,0.0
2023-05-15,127,9.2,28.4,0,0.0
2023-05-15,131,13.3,28.5,0,0.0
2023-05-15,133,11.0,28.5,0,0.0
2023-05-15,221,7.5,26.4,0,0.0
2023-05-15,226,8.6,27.1,0,0.0
2023-05-16,127,13.4,31.5,0,0.0
2023-05-16,131,17.7,32.2,0,0.0
2023-05-16,133,14.8,30.9,0,0.0
2023-05-16,221,10.8,30.0,0,0.0
2023-05-16,226,12.6,30.6,0,0.0
2023-05-17,127,12.1,30.7,0,0.0
2023-05-17,131,17.7,31.0,0,0.0
2023-05-17,133,15.6,31.2,0,0.0
2023-05-17,221,10.4,29.2,0,0.0
2023-05-17,226,10.5,30.4,0,0.0
2023-05-18,127,16.6,23.9,0,0.0
2023-05-18,131,19.3,23.2,0,0.0
2023-05-18,133,18.0,21.9,0,0.0
2023-05-18,221,14.0,23.4,0,0.0
2023-05-18,226,15.5,20.7,0,0.0
2023-05-19,127,14.1,24.1,0,0.0
2023-05-19,131,17.9,26.0,0,0.0
2023-05-19,133,16.3,25.4,0,0.0
2023-05-19,221,14.7,22.5,0,0.0
2023-05-19,226,15.2,22.7,0,0.0
2023-05-20,127,13.1,27.8,0,0.0
2023-05-20,131,17.2,27.0,0,0.0
2023-05-20,133,14.7,27.9,0,0.0
2023-05-20,221,10.9,26.5,0,0.0
2023-05-20,226,11.6,26.8,0,0.0
2023-05-21,127,15.1,23.1,0,0.0
2023-05-21,131,16.5,24.2,0,0.0
2023-05-21,133,15.5,23.4,0,0.0
2023-05-21,221,15.0,21.6,0,0.0
2023-05-21,226,14.6,22.4,0,0.0
2023-05-22,127,15.1,22.8,0,0.0
2023-05-22,131,15.8,23.0,1,0.5
2023-05-22,133,15.1,21.9,0,0.0
2023-05-22,221,14.0,22.4,0,0.0
2023-05-22,226,14.0,20.6,1,1.3
2023-05-23,127,10.8,25.3,0,0.0
2023-05-23,131,12.6,25.7,0,0.0
2023-05-23,133,12.0,24.9,1,5.7
2023-05-23,221,8.5,24.1,0,0.0
2023-05-23,226,9.2,24.1,1,4.0
2023-05-24,127,10.3,26.1,0,0.0
2023-05-24,131,14.8,27.2,0,0.0
2023-05-24,133,12.8,26.4,0,0.0
2023-05-24,221,8.7,24.0,0,0.0
2023-05-24,226,9.4,24.8,0,0.0
2023-05-25,127,12.9,27.0,0,0.0
2023-05-25,131,17.0,27.6,0,0.0
2023-05-25,133,15.4,27.2,0,0.0
2023-05-25,221,10.8,26.0,0,0.0
2023-05-25,226,13.6,25.9,0,0.0
2023-05-26,127,15.0,26.6,1,0.1
2023-05-26,131,17.0,26.9,2,0.30000000000000004
2023-05-26,133,16.6,26.0,0,0.0
2023-05-26,221,13.9,25.3,0,0.0
2023-05-26,226,14.2,24.9,0,0.0
2023-05-27,127,16.7,20.2,5,3.3000000000000003
2023-05-27,131,19.3,22.2,6,5.4
2023-05-27,133,19.0,22.0,3,0.6
2023-05-27,221,14.2,19.6,5,1.7999999999999998
2023-05-27,226,17.8,21.3,4,0.7
2023-05-28,127,18.3,20.5,19,27.4
2023-05-28,131,19.1,21.6,19,50.2
2023-05-28,133,18.5,21.2,19,27.7
2023-05-28,221,17.4,19.7,22,37.4
2023-05-28,226,18.0,20.8,19,27.5
2023-05-29,127,18.5,24.5,14,20.5
2023-05-29,131,20.2,23.6,14,41.5
2023-05-29,133,19.1,22.3,13,35.0
2023-05-29,221,17.6,23.6,13,21.8
2023-05-29,226,17.5,21.7,15,40.300000000000004
2023-05-30,127,16.3,26.6,0,0.0
2023-05-30,131,17.5,27.2,1,0.2
2023-05-30,133,16.5,26.0,0,0.0
2023-05-30,221,17.0,24.6,0,0.0
2023-05-30,226,14.7,23.3,0,0.0
2023-05-31,127,13.1,27.7,0,0.0
2023-05-31,131,17.7,28.1,0,0.0
2023-05-31,133,16.7,28.2,0,0.0
2023-05-31,221,13.5,26.0,0,0.0
2023-05-31,226,12.4,25.4,0,0.0
2023-06-01,127,16.0,27.2,0,0.0
2023-06-01,131,19.7,27.1,0,0.0
2023-06-01,221,15.0,25.7,0,0.0
2023-06-01,226,14.8,25.0,0,0.0
2023-06-02,127,20.1,26.8,0,0.0
2023-06-02,131,19.7,25.3,0,0.0
2023-06-02,221,16.9,26.8,0,0.0
2023-06-02,226,17.7,25.6,0,0.0
2023-06-03,127,15.3,28.1,0,0.0
2023-06-03,131,17.2,28.1,0,0.0
2023-06-03,221,14.6,26.3,0,0.0
2023-06-03,226,14.0,26.5,0,0.0
2023-06-04,127,12.5,28.2,0,0.0
2023-06-04,131,17.6,28.7,0,0.0
2023-06-04,221,11.1,26.5,0,0.0
2023-06-04,226,12.9,27.6,0,0.0
2023-06-05,127,13.6,26.1,0,0.0
2023-06-05,131,18.8,27.5,0,0.0
2023-06-05,221,12.0,25.3,0,0.0
2023-06-05,226,13.9,25.6,0,0.0
2023-06-06,127,14.6,26.7,0,0.0
2023-06-06,131,17.7,26.9,0,0.0
2023-06-06,221,13.5,25.6,0,0.0
2023-06-06,226,14.0,26.3,0,0.0
2023-06-07,127,18.1,24.6,0,0.0
2023-06-07,131,18.0,26.7,0,0.0
2023-06-07,221,16.7,23.2,0,0.0
2023-06-07,226,15.8,25.3,0,0.0
2023-06-08,127,17.4,27.8,0,0.0
2023-06-08,131,19.2,27.2,0,0.0
2023-06-08,221,16.2,26.8,1,0.6
2023-06-08,226,17.2,27.4,0,0.0
2023-06-09,127,18.6,28.3,1,1.0
2023-06-09,131,20.0,29.3,0,0.0
2023-06-09,221,16.4,26.7,1,0.8
2023-06-09,226,17.3,27.6,3,0.30000000000000004
2023-06-10,127,17.0,30.2,3,10.9
2023-06-10,131,21.2,30.2,0,0.0
2023-06-10,221,15.1,27.9,4,8.9
2023-06-10,226,15.7,28.5,2,6.1
2023-06-11,127,16.7,27.8,2,1.6
2023-06-11,131,19.0,29.0,0,0.0
2023-06-11,221,15.3,27.1,1,3.4
2023-06-11,226,16.4,27.4,4,17.1
2023-06-12,127,17.8,28.2,0,0.0
2023-06-12,131,19.7,29.3,0,0.0
2023-06-12,221,17.0,26.7,0,0.0
2023-06-12,226,18.5,27.6,0,0.0
2023-06-13,127,17.5,27.8,0,0.0
2023-06-13,131,19.7,28.3,0,0.0
2023-06-13,221,16.4,27.0,0,0.0
2023-06-13,226,16.4,27.7,0,0.0
2023-06-14,127,15.5,27.1,3,38.1
2023-06-14,131,18.7,27.9,2,0.39999999999999997
2023-06-14,221,13.7,26.8,2,6.199999999999999
2023-06-14,226,15.5,26.4,2,3.5999999999999996
2023-06-15,127,15.1,26.0,1,1.5
2023-06-15,131,18.7,28.4,0,0.0
2023-06-15,221,15.2,24.1,0,0.0
2023-06-15,226,14.7,25.9,0,0.0
2023-06-16,127,15.4,29.7,0,0.0
2023-06-16,131,19.0,31.0,0,0.0
2023-06-16,221,15.9,29.3,0,0.0
2023-06-16,226,15.0,29.6,0,0.0
2023-06-17,127,16.0,31.2,0,0.0
2023-06-17,131,20.2,31.7,0,0.0
2023-06-17,221,15.0,31.1,0,0.0
2023-06-17,226,15.8,30.0,0,0.0
2023-06-18,127,18.5,32.5,0,0.0
2023-06-18,131,21.3,33.5,0,0.0
2023-06-18,221,17.8,32.6,0,0.0
2023-06-18,226,17.2,31.7,0,0.0
2023-06-19,127,20.4,33.0,0,0.0
2023-06-19,131,22.0,33.8,0,0.0
2023-06-19,221,19.8,32.1,0,0.0
2023-06-19,226,18.2,30.0,0,0.0
2023-06-20,127,19.6,26.8,1,0.4
2023-06-20,131,20.8,27.6,3,5.4
2023-06-20,221,17.6,26.2,1,0.1
2023-06-20,226,19.5,24.6,1,0.1
2023-06-21,127,18.7,22.0,16,28.2
2023-06-21,131,20.2,23.0,14,9.3
2023-06-21,221,17.3,21.0,17,26.8
2023-06-21,226,19.2,22.3,7,5.9
2023-06-22,127,18.7,25.8,2,1.2
2023-06-22,131,20.0,28.6,3,1.5
2023-06-22,221,18.1,24.1,3,1.3
2023-06-22,226,19.0,26.6,3,0.9
2023-06-23,127,18.2,29.3,0,0.0
2023-06-23,131,21.3,31.2,0,0.0
2023-06-23,221,17.1,27.7,0,0.0
2023-06-23,226,18.1,29.2,0,0.0
2023-06-24,127,19.1,31.4,0,0.0
2023-06-24,131,23.1,31.8,0,0.0
2023-06-24,221,16.7,31.0,0,0.0
2023-06-24,226,18.4,30.3,0,0.0
2023-06-25,127,19.1,31.5,0,0.0
2023-06-25,131,22.7,32.4,0,0.0
2023-06-25,221,18.6,29.9,0,0.0
2023-06-25,226,18.5,28.9,0,0.0
2023-06-26,127,21.0,25.3,14,81.0
2023-06-26,131,22.0,26.7,11,34.7
2023-06-26,221,19.1,22.8,14,120.1
2023-06-26,226,20.7,25.1,14,72.6
2023-06-27,127,23.2,29.7,5,18.4
2023-06-27,131,23.6,31.2,4,6.6
2023-06-27,221,21.2,27.7,6,17.5
2023-06-27,226,22.7,29.8,4,4.0
2023-06-28,127,20.9,29.3,0,0.0
2023-06-28,131,21.3,28.3,2,0.39999999999999997
2023-06-28,221,20.0,28.3,0,0.0
2023-06-28,226,18.8,26.5,4,4.3
2023-06-29,127,23.2,26.1,12,56.2
2023-06-29,131,24.2,26.8,10,39.0
2023-06-29,221,22.5,25.0,12,40.6
2023-06-29,226,22.2,25.2,12,37.4
2023-06-30,127,23.5,28.1,3,1.1
2023-06-30,131,24.0,28.6,6,3.2
2023-06-30,221,22.8,26.0,10,4.8
2023-06-30,226,22.7,26.0,13,17.0
2023-07-01,127,23.4,32.9,0,0.0
2023-07-01,221,20.9,30.9,0,0.0
2023-07-02,127,22.1,30.7,0,0.0
2023-07-02,221,20.5,29.3,0,0.0
2023-07-03,127,22.7,33.6,0,0.0
2023-07-03,221,21.4,32.4,0,0.0
2023-07-04,127,22.1,30.1,9,25.4
2023-07-04,221,20.8,29.1,8,26.5
2023-07-05,127,22.5,28.3,9,30.500000000000004
2023-07-05,221,21.3,26.1,10,31.2
2023-07-06,127,19.9,32.1,0,0.0
2023-07-06,221,18.9,30.0,0,0.0
2023-07-07,127,19.3,26.8,8,15.6
2023-07-07,221,19.2,25.8,2,1.4
2023-07-08,127,19.8,29.6,5,14.1
2023-07-08,221,19.0,28.7,1,0.2
2023-07-09,127,22.3,29.5,2,26.5
2023-07-09,221,21.6,28.2,2,41.8
2023-07-10,127,23.1,31.5,1,0.1
2023-07-10,221,21.0,29.4,2,7.2
2023-07-11,127,21.8,25.5,9,29.5
2023-07-11,221,20.4,24.5,10,56.2
2023-07-12,127,22.2,29.0,2,10.4
2023-07-12,221,20.7,28.4,0,0.0
2023-07-13,127,23.8,26.5,11,39.9
2023-07-13,221,22.8,24.9,11,34.199999999999996
2023-07-14,127,23.6,26.2,21,124.2
2023-07-14,221,22.6,24.2,23,199.9
2023-07-15,127,21.9,24.1,20,187.20000000000002
2023-07-15,221,20.7,22.9,17,139.9
2023-07-16,127,21.5,27.8,3,0.30000000000000004
2023-07-16,221,20.7,26.5,1,0.1
2023-07-17,127,22.6,29.0,7,6.1
2023-07-17,221,21.4,28.2,4,3.5
2023-07-18,127,22.6,26.1,12,16.2
2023-07-18,221,20.8,24.3,17,14.200000000000001
2023-07-19,127,21.6,31.0,0,0.0
2023-07-19,221,19.5,30.3,0,0.0
2023-07-20,127,22.5,31.1,0,0.0
2023-07-20,221,21.4,30.9,0,0.0
2023-07-21,127,22.9,32.6,0,0.0
2023-07-21,221,22.0,32.3,0,0.0
2023-07-22,127,23.4,30.6,0,0.0
2023-07-22,221,21.1,29.0,1,0.4
2023-07-23,127,24.7,27.7,11,4.8
2023-07-23,221,22.7,26.0,10,5.4
2023-07-24,127,23.7,30.6,9,4.1
2023-07-24,221,22.6,28.3,8,3.3000000000000003
2023-07-25,127,23.5,30.2,0,0.0
2023-07-25,221,22.4,28.3,1,1.7
2023-07-26,127,23.2,30.4,6,11.4
2023-07-26,221,22.3,30.4,4,1.7
2023-07-27,127,22.5,32.9,0,0.0
2023-07-27,221,22.2,31.6,0,0.0
2023-07-28,127,24.1,33.9,0,0.0
2023-07-28,221,22.8,32.6,0,0.0
2023-07-29,127,24.1,34.2,0,0.0
2023-07-29,221,22.5,33.2,0,0.0
2023-07-30,127,24.5,33.6,0,0.0
2023-07-30,221,22.6,33.2,0,0.0
2023-07-31,127,23.8,32.2,1,7.9
2023-07-31,221,23.2,31.5,2,36.5
2023-08-01,127,23.2,33.4,2,10.899999999999999
2023-08-01,131,25.3,35.0,0,0.0
2023-08-01,133,24.8,33.7,0,0.0
2023-08-01,135,22.6,32.2,0,0.0
2023-08-01,221,22.4,32.3,0,0.0
2023-08-02,127,24.5,33.2,0,0.0
2023-08-02,131,27.1,33.9,0,0.0
2023-08-02,133,25.5,33.8,0,0.0
2023-08-02,135,22.2,33.4,2,8.5
2023-08-02,221,23.0,32.1,0,0.0
2023-08-03,127,22.5,33.4,0,0.0
2023-08-03,131,25.2,34.6,0,0.0
2023-08-03,133,23.8,34.0,0,0.0
2023-08-03,135,23.2,33.5,0,0.0
2023-08-03,221,21.3,31.9,0,0.0
2023-08-04,127,24.3,33.9,0,0.0
2023-08-04,131,26.7,35.6,0,0.0
2023-08-04,133,25.3,34.3,0,0.0
2023-08-04,135,23.7,33.2,0,0.0
2023-08-04,221,22.6,32.1,0,0.0
2023-08-05,127,25.2,34.2,0,0.0
2023-08-05,131,27.5,35.2,0,0.0
2023-08-05,133,26.1,35.2,0,0.0
2023-08-05,135,24.2,33.5,0,0.0
2023-08-05,221,23.2,33.4,0,0.0
2023-08-06,127,24.7,33.6,1,2.9
2023-08-06,131,26.3,35.9,1,0.7
2023-08-06,133,24.8,35.4,1,6.3
2023-08-06,135,23.4,32.9,0,0.0
2023-08-06,221,23.0,33.5,0,0.0
2023-08-07,127,26.1,35.2,0,0.0
2023-08-07,131,28.5,34.3,0,0.0
2023-08-07,133,25.0,35.4,0,0.0
2023-08-07,135,23.6,32.7,2,1.7000000000000002
2023-08-07,221,23.6,32.2,0,0.0
2023-08-08,127,24.9,34.5,0,0.0
2023-08-08,131,26.1,34.9,1,2.3
2023-08-08,133,26.0,34.4,0,0.0
2023-08-08,135,25.1,31.4,1,1.9
2023-08-08,221,22.4,31.4,0,0.0
2023-08-09,127,23.2,29.2,7,16.3
2023-08-09,131,24.0,31.9,7,15.899999999999999
2023-08-09,133,23.4,29.1,7,35.8
2023-08-09,135,23.1,26.6,11,46.2
2023-08-09,221,21.5,27.1,7,17.3
2023-08-10,127,20.8,22.7,22,99.3
2023-08-10,131,21.7,23.6,24,122.9
2023-08-10,133,20.7,23.2,24,152.6
2023-08-10,135,20.5,23.2,24,122.2
2023-08-10,221,20.1,22.0,24,66.3
2023-08-11,127,21.8,30.9,5,3.8000000000000003
2023-08-11,131,22.0,30.4,8,6.5
2023-08-11,133,21.1,29.8,9,8.3
2023-08-11,135,20.2,30.4,2,0.9
2023-08-11,221,20.1,28.7,11,22.2
2023-08-12,127,22.3,25.7,4,2.6999999999999997
2023-08-12,131,22.3,29.2,1,1.9
2023-08-12,133,19.2,28.4,4,3.7
2023-08-12,135,21.6,28.3,1,0.2
2023-08-12,221,21.4,24.9,4,0.9
2023-08-13,127,21.6,30.2,0,0.0
2023-08-13,131,23.8,32.5,0,0.0
2023-08-13,133,22.6,31.5,0,0.0
2023-08-13,135,20.2,29.5,0,0.0
2023-08-13,221,20.1,30.4,0,0.0
2023-08-14,127,22.4,33.2,0,0.0
2023-08-14,131,25.5,34.2,0,0.0
2023-08-14,133,23.9,33.2,0,0.0
2023-08-14,135,23.1,30.2,0,0.0
2023-08-14,221,21.7,31.9,0,0.0
2023-08-15,127,23.6,32.9,0,0.0
2023-08-15,131,25.8,33.2,0,0.0
2023-08-15,133,24.4,32.5,0,0.0
2023-08-15,135,21.7,31.3,0,0.0
2023-08-15,221,20.3,30.9,0,0.0
2023-08-16,127,22.0,31.0,0,0.0
2023-08-16,131,25.2,32.3,0,0.0
2023-08-16,133,24.9,32.3,0,0.0
2023-08-16,135,23.3,31.1,0,0.0
2023-08-16,221,19.7,30.4,0,0.0
2023-08-17,127,22.7,31.0,0,0.0
2023-08-17,131,24.2,31.8,0,0.0
2023-08-17,133,22.5,31.2,2,1.5
2023-08-17,135,23.2,28.2,0,0.0
2023-08-17,221,22.3,29.6,0,0.0
2023-08-18,127,22.7,32.7,0,0.0
2023-08-18,131,25.5,32.3,3,41.2
2023-08-18,133,24.0,32.4,1,0.2
2023-08-18,135,21.2,30.0,4,6.5
2023-08-18,221,21.7,31.3,1,0.2
2023-08-19,127,24.0,32.0,0,0.0
2023-08-19,131,25.1,33.7,0,0.0
2023-08-19,133,24.1,32.4,0,0.0
2023-08-19,135,23.1,31.2,0,0.0
2023-08-19,221,22.9,31.2,1,0.3
2023-08-20,127,24.0,32.5,1,4.4
2023-08-20,131,26.2,33.7,0,0.0
2023-08-20,133,24.6,32.6,0,0.0
2023-08-20,135,23.2,31.4,3,3.0999999999999996
2023-08-20,221,23.2,32.2,0,0.0
2023-08-21,127,23.7,33.3,0,0.0
2023-08-21,131,26.3,34.4,0,0.0
2023-08-21,133,25.1,33.9,0,0.0
2023-08-21,135,23.0,31.7,0,0.0
2023-08-21,221,22.7,32.0,0,0.0
2023-08-22,127,23.4,32.9,1,0.1
2023-08-22,131,26.3,33.6,0,0.0
2023-08-22,133,24.0,32.3,1,1.5
2023-08-22,135,21.7,31.3,0,0.0
2023-08-22,221,21.8,30.8,2,0.2
2023-08-23,127,24.2,32.0,6,22.599999999999998
2023-08-23,131,25.3,31.3,9,23.0
2023-08-23,133,24.1,32.5,5,8.4
2023-08-23,135,23.2,31.5,3,6.6
2023-08-23,221,21.6,31.7,4,33.1
2023-08-24,127,22.0,28.8,7,17.4
2023-08-24,131,24.1,28.6,11,51.1
2023-08-24,133,23.3,29.9,8,58.7
2023-08-24,135,23.2,26.1,12,14.4
2023-08-24,221,20.8,26.2,10,36.1
2023-08-25,127,23.5,30.2,4,6.8
2023-08-25,131,24.2,31.0,0,0.0
2023-08-25,133,23.0,30.7,0,0.0
2023-08-25,135,21.2,29.7,1,0.5
2023-08-25,221,21.2,29.0,4,3.9000000000000004
2023-08-26,127,21.3,30.2,0,0.0
2023-08-26,131,22.3,30.7,0,0.0
2023-08-26,133,20.5,30.5,0,0.0
2023-08-26,135,19.1,29.9,0,0.0
2023-08-26,221,19.6,29.7,0,0.0
2023-08-27,127,20.2,29.9,0,0.0
2023-08-27,131,22.7,30.7,0,0.0
2023-08-27,133,21.6,31.1,0,0.0
2023-08-27,135,19.3,29.0,0,0.0
2023-08-27,221,19.3,28.6,0,0.0
2023-08-28,127,23.0,28.7,1,0.2
2023-08-28,131,24.2,29.6,0,0.0
2023-08-28,133,23.7,28.1,0,0.0
2023-08-28,135,22.4,26.0,0,0.0
2023-08-28,221,21.0,26.6,0,0.0
2023-08-29,127,21.2,28.7,7,10.100000000000001
2023-08-29,131,22.7,28.8,6,3.9
2023-08-29,133,21.9,27.7,6,5.5
2023-08-29,135,23.8,27.6,8,16.400000000000002
2023-08-29,221,21.7,26.7,7,11.7
2023-08-30,127,19.5,21.9,16,50.5
2023-08-30,131,21.5,23.3,14,28.299999999999997
2023-08-30,133,19.9,22.6,13,44.4
2023-08-30,135,20.2,23.5,21,57.9
2023-08-30,221,19.0,21.9,14,49.0
2023-08-31,127,18.7,26.7,0,0.0
2023-08-31,131,21.1,27.9,0,0.0
2023-08-31,133,19.9,27.1,0,0.0
2023-08-31,135,19.6,26.2,1,1.0
2023-08-31,221,17.5,25.5,0,0.0
2023-09-01,127,18.4,28.8,0,0.0
2023-09-01,131,18.8,29.7,0,0.0
2023-09-01,133,18.4,28.9,0,0.0
2023-09-01,135,19.1,28.8,0,0.0
2023-09-01,221,16.5,28.0,0,0.0
2023-09-01,226,17.2,28.7,0,0.0
2023-09-02,127,17.6,30.7,0,0.0
2023-09-02,131,19.9,31.7,0,0.0
2023-09-02,133,18.0,30.6,0,0.0
2023-09-02,135,15.8,28.0,2,0.5
2023-09-02,221,15.5,29.3,0,0.0
2023-09-02,226,16.1,28.8,1,0.4
2023-09-03,127,22.8,30.8,0,0.0
2023-09-03,131,23.9,32.4,2,0.7999999999999999
2023-09-03,133,22.4,31.7,0,0.0
2023-09-03,135,21.6,28.3,1,0.2
2023-09-03,221,20.6,29.6,3,0.8
2023-09-03,226,21.0,29.2,1,0.1
2023-09-04,127,23.2,31.2,0,0.0
2023-09-04,131,25.5,31.8,0,0.0
2023-09-04,133,24.1,30.8,0,0.0
2023-09-04,135,23.1,29.2,0,0.0
2023-09-04,221,21.6,30.7,0,0.0
2023-09-04,226,22.3,29.6,0,0.0
2023-09-05,127,22.2,30.0,0,0.0
2023-09-05,131,25.6,31.4,0,0.0
2023-09-05,133,24.0,30.6,0,0.0
2023-09-05,135,20.2,28.3,0,0.0
2023-09-05,221,20.7,29.2,0,0.0
2023-09-05,226,21.1,28.6,0,0.0
2023-09-06,127,21.5,31.1,0,0.0
2023-09-06,131,23.3,32.0,0,0.0
2023-09-06,133,21.2,31.0,0,0.0
2023-09-06,135,17.3,29.0,0,0.0
2023-09-06,221,18.6,29.1,0,0.0
2023-09-06,226,19.1,29.4,0,0.0
2023-09-07,127,16.2,30.3,0,0.0
2023-09-07,131,20.8,30.7,0,0.0
2023-09-07,133,20.1,29.7,0,0.0
2023-09-07,135,15.6,27.6,0,0.0
2023-09-07,221,14.5,29.2,0,0.0
2023-09-07,226,16.5,28.1,0,0.0
2023-09-08,127,15.6,28.7,0,0.0
2023-09-08,131,19.7,29.6,0,0.0
2023-09-08,133,17.8,29.1,0,0.0
2023-09-08,135,14.6,27.1,0,0.0
2023-09-08,221,13.2,27.7,0,0.0
2023-09-08,226,14.6,27.8,0,0.0
2023-09-09,127,16.7,30.1,0,0.0
2023-09-09,131,20.1,31.1,0,0.0
2023-09-09,133,17.9,30.8,0,0.0
2023-09-09,135,15.1,28.2,0,0.0
2023-09-09,221,15.3,29.0,0,0.0
2023-09-09,226,15.5,29.9,0,0.0
2023-09-10,127,17.9,29.6,0,0.0
2023-09-10,131,21.5,30.5,0,0.0
2023-09-10,133,19.4,31.4,0,0.0
2023-09-10,135,15.3,27.9,0,0.0
2023-09-10,221,15.9,29.7,0,0.0
2023-09-10,226,17.1,28.7,0,0.0
2023-09-11,127,20.3,29.9,0,0.0
2023-09-11,131,22.8,31.1,0,0.0
2023-09-11,133,21.5,30.0,0,0.0
2023-09-11,135,17.6,29.3,0,0.0
2023-09-11,221,18.7,29.2,0,0.0
2023-09-11,226,18.3,29.5,0,0.0
2023-09-12,127,20.3,29.7,0,0.0
2023-09-12,131,22.3,30.0,0,0.0
2023-09-12,133,20.9,29.0,0,0.0
2023-09-12,135,19.2,27.8,0,0.0
2023-09-12,221,19.0,29.6,0,0.0
2023-09-12,226,19.1,28.9,0,0.0
2023-09-13,127,19.2,22.8,19,32.5
2023-09-13,131,20.2,25.3,18,28.1
2023-09-13,133,18.9,23.1,15,27.5
2023-09-13,135,19.7,23.8,9,2.5
2023-09-13,221,19.2,22.1,19,26.799999999999997
2023-09-13,226,19.4,23.1,13,19.7
2023-09-14,127,19.2,25.1,9,5.7
2023-09-14,131,19.9,26.0,7,4.9
2023-09-14,133,19.2,26.0,6,3.2
2023-09-14,135,19.3,22.9,10,5.4
2023-09-14,221,18.4,24.1,7,4.6
2023-09-14,226,19.4,23.4,11,6.6
2023-09-15,127,20.1,23.8,13,16.8
2023-09-15,131,21.2,25.2,17,12.2
2023-09-15,133,20.7,23.7,13,10.7
2023-09-15,135,20.2,22.6,17,19.5
2023-09-15,221,19.3,22.4,16,14.3
2023-09-15,226,20.2,22.9,15,10.5
2023-09-16,127,21.5,28.3,15,61.3
2023-09-16,131,21.8,27.6,13,83.7
2023-09-16,133,21.0,26.3,11,58.800000000000004
2023-09-16,135,21.2,25.8,8,35.699999999999996
2023-09-16,221,20.5,25.9,17,25.6
2023-09-16,226,21.0,25.7,10,47.300000000000004
2023-09-17,127,21.2,28.6,3,24.0
2023-09-17,131,22.6,29.3,5,8.8
2023-09-17,133,21.4,28.5,1,0.1
2023-09-17,135,20.7,26.9,3,0.30000000000000004
2023-09-17,221,20.8,26.7,5,24.400000000000002
2023-09-17,226,21.2,27.1,0,0.0
2023-09-18,127,21.6,29.7,2,6.699999999999999
2023-09-18,131,22.9,28.9,0,0.0
2023-09-18,133,21.3,29.5,1,2.2
2023-09-18,135,20.2,29.2,0,0.0
2023-09-18,221,18.9,28.5,3,26.6
2023-09-18,226,20.4,28.7,0,0.0
2023-09-19,127,19.2,26.1,0,0.0
2023-09-19,131,21.0,27.4,0,0.0
2023-09-19,133,20.3,27.6,0,0.0
2023-09-19,135,18.7,26.8,0,0.0
2023-09-19,221,16.8,25.1,0,0.0
2023-09-19,226,18.9,26.4,0,0.0
2023-09-20,127,19.7,22.2,15,61.5
2023-09-20,131,19.9,24.2,15,75.9
2023-09-20,133,19.3,22.8,12,152.7
2023-09-20,135,19.3,22.2,14,86.3
2023-09-20,221,18.1,20.7,14,69.2
2023-09-20,226,19.3,21.6,15,97.5
2023-09-21,127,15.6,22.9,0,0.0
2023-09-21,131,17.6,22.6,3,0.4
2023-09-21,133,16.5,21.4,7,3.0
2023-09-21,135,17.7,20.2,13,14.299999999999999
2023-09-21,221,14.7,21.4,0,0.0
2023-09-21,226,16.7,20.4,10,4.8
2023-09-22,127,14.8,24.6,0,0.0
2023-09-22,131,15.3,25.2,0,0.0
2023-09-22,133,15.2,24.9,0,0.0
2023-09-22,135,14.8,24.0,1,0.3
2023-09-22,221,12.5,23.2,0,0.0
2023-09-22,226,14.0,23.7,0,0.0
2023-09-23,127,13.8,25.8,0,0.0
2023-09-23,131,16.0,26.1,0,0.0
2023-09-23,133,14.3,25.2,0,0.0
2023-09-23,135,12.1,22.7,0,0.0
2023-09-23,221,12.0,24.9,0,0.0
2023-09-23,226,12.1,23.6,0,0.0
2023-09-24,127,13.7,25.2,0,0.0
2023-09-24,131,17.0,25.7,0,0.0
2023-09-24,133,16.8,24.9,0,0.0
2023-09-24,135,14.4,23.1,0,0.0
2023-09-24,221,13.4,23.6,0,0.0
2023-09-24,226,12.5,23.5,0,0.0
2023-09-25,127,17.3,26.3,4,3.0
2023-09-25,131,19.2,26.9,4,2.6
2023-09-25,133,18.0,26.4,4,3.9000000000000004
2023-09-25,135,15.5,24.1,3,1.2
2023-09-25,221,15.6,25.5,4,1.4
2023-09-25,226,16.7,24.5,3,1.5
2023-09-26,127,19.1,20.7,22,24.7
2023-09-26,131,19.9,22.7,16,45.1
2023-09-26,133,19.1,22.0,14,35.3
2023-09-26,135,18.6,19.5,19,27.2
2023-09-26,221,17.9,19.5,24,31.5
2023-09-26,226,18.7,20.4,18,42.9
2023-09-27,127,20.1,23.4,9,3.2
2023-09-27,131,21.2,24.4,5,5.3999999999999995
2023-09-27,133,20.5,23.5,4,1.4000000000000001
2023-09-27,135,19.2,23.1,6,1.7000000000000002
2023-09-27,221,18.9,21.7,11,6.8999999999999995
2023-09-27,226,19.5,24.1,11,7.5
2023-09-28,127,18.2,26.0,0,0.0
2023-09-28,131,20.7,27.3,0,0.0
2023-09-28,133,18.8,26.5,0,0.0
2023-09-28,135,18.2,25.0,0,0.0
2023-09-28,221,16.4,24.5,0,0.0
2023-09-28,226,17.3,25.3,0,0.0
2023-09-29,127,16.9,25.0,0,0.0
2023-09-29,131,19.3,24.7,0,0.0
2023-09-29,133,17.7,24.6,0,0.0
2023-09-29,135,15.3,23.7,0,0.0
2023-09-29,221,14.9,23.8,0,0.0
2023-09-29,226,16.6,23.5,0,0.0
2023-09-30,127,14.1,22.0,4,3.1
2023-09-30,131,16.0,23.0,4,2.7
2023-09-30,133,14.5,23.5,4,4.3
2023-09-30,135,13.8,22.2,4,4.7
2023-09-30,221,14.1,21.6,4,2.5
2023-09-30,226,14.9,22.7,5,4.4
2023-10-01,127,12.1,22.3,0,0.0
2023-10-01,131,15.6,24.3,0,0.0
2023-10-01,135,10.3,21.7,0,0.0
2023-10-01,221,9.7,21.7,0,0.0
2023-10-01,226,10.9,22.4,0,0.0
2023-10-02,127,9.9,22.7,0,0.0
2023-10-02,131,13.3,23.9,0,0.0
2023-10-02,135,9.0,22.2,0,0.0
2023-10-02,221,7.1,22.2,0,0.0
2023-10-02,226,8.3,22.5,0,0.0
2023-10-03,127,9.6,19.7,0,0.0
2023-10-03,131,12.8,21.4,0,0.0
2023-10-03,135,9.1,18.0,1,0.1
2023-10-03,221,7.9,19.3,0,0.0
2023-10-03,226,8.8,19.6,0,0.0
2023-10-04,127,10.7,22.1,3,16.900000000000002
2023-10-04,131,12.3,24.3,0,0.0
2023-10-04,135,8.0,21.9,0,0.0
2023-10-04,221,8.1,21.6,3,3.5999999999999996
2023-10-04,226,10.2,22.4,0,0.0
2023-10-05,127,7.4,18.3,0,0.0
2023-10-05,131,13.1,19.1,0,0.0
2023-10-05,135,11.5,18.1,0,0.0
2023-10-05,221,7.1,17.2,0,0.0
2023-10-05,226,8.8,18.4,0,0.0
2023-10-06,127,5.9,19.6,0,0.0
2023-10-06,131,10.1,20.8,0,0.0
2023-10-06,135,7.8,20.0,0,0.0
2023-10-06,221,3.8,19.0,0,0.0
2023-10-06,226,6.0,20.5,0,0.0
2023-10-07,127,8.3,20.2,0,0.0
2023-10-07,131,11.7,21.3,0,0.0
2023-10-07,135,8.3,18.5,0,0.0
2023-10-07,221,7.0,18.9,0,0.0
2023-10-07,226,8.6,19.1,0,0.0
2023-10-08,127,12.0,20.3,0,0.0
2023-10-08,131,16.0,21.2,0,0.0
2023-10-08,135,12.8,19.9,0,0.0
2023-10-08,221,10.7,18.2,0,0.0
2023-10-08,226,12.0,19.4,0,0.0
2023-10-09,127,11.6,21.1,0,0.0
2023-10-09,131,14.3,21.6,0,0.0
2023-10-09,135,10.6,20.6,2,3.4
2023-10-09,221,8.5,20.0,0,0.0
2023-10-09,226,9.7,20.9,2,6.199999999999999
2023-10-10,127,10.6,22.0,0,0.0
2023-10-10,131,14.1,22.3,0,0.0
2023-10-10,135,11.6,21.3,2,0.30000000000000004
2023-10-10,221,8.3,21.3,0,0.0
2023-10-10,226,9.9,21.7,0,0.0
2023-10-11,127,9.1,22.1,0,0.0
2023-10-11,131,13.1,23.5,0,0.0
2023-10-11,135,8.4,20.7,0,0.0
2023-10-11,221,7.0,20.7,0,0.0
2023-10-11,226,8.5,21.4,0,0.0
2023-10-12,127,7.8,23.0,0,0.0
2023-10-12,131,12.0,23.6,0,0.0
2023-10-12,135,6.8,21.4,0,0.0
2023-10-12,221,6.1,21.8,0,0.0
2023-10-12,226,7.2,22.3,0,0.0
2023-10-13,127,10.3,21.0,0,0.0
2023-10-13,131,13.6,22.0,0,0.0
2023-10-13,135,9.5,22.2,0,0.0
2023-10-13,221,9.1,20.2,0,0.0
2023-10-13,226,10.1,21.2,0,0.0
2023-10-14,127,9.7,20.2,1,1.0
2023-10-14,131,13.1,20.7,4,11.899999999999999
2023-10-14,135,8.3,20.0,0,0.0
2023-10-14,221,6.6,19.0,2,2.0
2023-10-14,226,9.3,20.2,0,0.0
2023-10-15,127,12.1,18.7,0,0.0
2023-10-15,131,12.1,21.7,0,0.0
2023-10-15,135,11.6,19.5,0,0.0
2023-10-15,221,10.0,17.2,0,0.0
2023-10-15,226,9.8,20.0,0,0.0
2023-10-16,127,7.3,19.6,0,0.0
2023-10-16,131,12.4,20.2,0,0.0
2023-10-16,135,10.3,18.6,0,0.0
2023-10-16,221,6.3,18.8,0,0.0
2023-10-16,226,7.3,19.2,0,0.0
2023-10-17,127,3.6,19.3,0,0.0
2023-10-17,131,7.6,20.8,0,0.0
2023-10-17,135,6.7,19.0,0,0.0
2023-10-17,221,1.9,18.1,0,0.0
2023-10-17,226,3.1,19.6,0,0.0
2023-10-18,127,4.3,22.1,0,0.0
2023-10-18,131,8.8,23.0,0,0.0
2023-10-18,135,4.3,23.2,0,0.0
2023-10-18,221,2.6,20.8,0,0.0
2023-10-18,226,3.9,22.3,0,0.0
2023-10-19,127,7.7,16.6,8,8.0
2023-10-19,131,12.8,19.1,7,5.4
2023-10-19,135,8.1,19.5,5,6.0
2023-10-19,221,5.5,12.9,8,8.4
2023-10-19,226,7.6,17.6,6,6.6000000000000005
2023-10-20,127,5.5,15.3,2,2.4000000000000004
2023-10-20,131,9.8,16.1,1,0.1
2023-10-20,135,8.6,14.5,7,2.4
2023-10-20,221,6.6,14.2,2,0.8999999999999999
2023-10-20,226,7.9,15.1,4,1.7
2023-10-21,127,1.2,16.3,1,0.5
2023-10-21,131,5.5,17.8,0,0.0
2023-10-21,135,2.5,14.9,0,0.0
2023-10-21,221,-0.6,14.1,1,0.1
2023-10-21,226,1.1,16.5,0,0.0
2023-10-22,127,1.5,16.7,0,0.0
2023-10-22,131,5.8,17.7,0,0.0
2023-10-22,135,3.8,16.4,0,0.0
2023-10-22,221,-0.5,16.7,0,0.0
2023-10-22,226,2.1,18.0,0,0.0
2023-10-23,127,6.7,20.1,0,0.0
2023-10-23,131,10.3,20.3,0,0.0
2023-10-23,135,6.3,19.6,0,0.0
2023-10-23,221,4.2,18.9,0,0.0
2023-10-23,226,6.1,19.3,0,0.0
2023-10-24,127,7.5,16.8,0,0.0
2023-10-24,131,10.3,19.2,0,0.0
2023-10-24,135,6.3,19.2,0,0.0
2023-10-24,221,4.0,16.5,0,0.0
2023-10-24,226,6.9,18.5,0,0.0
2023-10-25,127,8.8,20.4,0,0.0
2023-10-25,131,11.3,21.5,0,0.0
2023-10-25,135,8.5,21.4,0,0.0
2023-10-25,221,6.2,19.4,0,0.0
2023-10-25,226,7.9,21.4,0,0.0
2023-10-26,127,9.3,21.0,3,2.1999999999999997
2023-10-26,131,13.6,22.2,0,0.0
2023-10-26,135,8.6,20.8,0,0.0
2023-10-26,221,6.6,19.8,5,18.8
2023-10-26,226,9.1,21.5,0,0.0
2023-10-27,127,8.1,16.3,2,0.30000000000000004
2023-10-27,131,13.6,18.8,0,0.0
2023-10-27,135,10.0,17.6,0,0.0
2023-10-27,221,6.2,15.0,0,0.0
2023-10-27,226,8.6,17.5,0,0.0
2023-10-28,127,6.4,17.8,0,0.0
2023-10-28,131,9.8,20.6,0,0.0
2023-10-28,135,6.5,18.6,0,0.0
2023-10-28,221,5.1,16.6,0,0.0
2023-10-28,226,6.6,19.1,0,0.0
2023-10-29,127,4.3,20.0,0,0.0
2023-10-29,131,8.3,20.5,0,0.0
2023-10-29,135,4.9,19.2,0,0.0
2023-10-29,221,2.9,18.1,0,0.0
2023-10-29,226,3.1,19.5,0,0.0
2023-10-30,127,4.5,20.3,0,0.0
2023-10-30,131,9.1,21.5,0,0.0
2023-10-30,135,4.5,20.3,0,0.0
2023-10-30,221,2.9,19.2,0,0.0
2023-10-30,226,4.6,20.9,0,0.0
2023-10-31,127,6.0,19.8,0,0.0
2023-10-31,131,11.6,21.5,0,0.0
2023-10-31,135,6.0,22.1,0,0.0
2023-10-31,221,2.9,19.9,0,0.0
2023-10-31,226,5.3,21.3,0,0.0
2023-11-01,127,7.8,21.2,0,0.0
2023-11-01,131,13.6,23.2,0,0.0
2023-11-01,226,6.8,23.1,0,0.0
2023-11-02,127,11.2,26.1,0,0.0
2023-11-02,131,16.2,26.2,0,0.0
2023-11-02,226,10.2,25.6,0,0.0
2023-11-03,127,9.4,24.2,0,0.0
2023-11-03,131,15.7,24.6,0,0.0
2023-11-03,226,7.8,23.7,0,0.0
2023-11-04,127,17.2,20.5,0,0.0
2023-11-04,131,18.5,21.3,1,0.2
2023-11-04,226,14.5,20.9,0,0.0
2023-11-05,127,16.0,23.8,3,5.300000000000001
2023-11-05,131,16.8,24.2,3,3.8000000000000003
2023-11-05,226,15.3,21.9,2,5.3999999999999995
2023-11-06,127,7.6,21.5,5,23.1
2023-11-06,131,8.1,20.5,6,14.0
2023-11-06,226,10.5,19.6,5,16.1
2023-11-07,127,1.8,10.9,3,1.4
2023-11-07,131,6.0,11.1,1,0.2
2023-11-07,226,2.0,11.7,1,0.1
2023-11-08,127,-0.1,16.9,0,0.0
2023-11-08,131,2.5,17.0,0,0.0
2023-11-08,226,-1.3,16.3,0,0.0
2023-11-09,127,2.0,19.3,2,1.7999999999999998
2023-11-09,131,6.0,19.3,0,0.0
2023-11-09,226,1.0,17.5,1,0.1
2023-11-10,127,1.6,12.6,1,0.9
2023-11-10,131,3.0,12.1,2,5.8999999999999995
2023-11-10,226,-0.4,12.9,2,4.9
2023-11-11,127,-2.0,6.8,0,0.0
2023-11-11,131,0.1,6.3,0,0.0
2023-11-11,226,-2.9,5.2,0,0.0
2023-11-12,127,-4.3,5.5,0,0.0
2023-11-12,131,-0.4,6.0,0,0.0
2023-11-12,226,-3.0,5.7,0,0.0
2023-11-13,127,-5.5,7.2,0,0.0
2023-11-13,131,-0.9,8.3,0,0.0
2023-11-13,226,-4.2,7.7,0,0.0
2023-11-14,127,-3.3,10.0,0,0.0
2023-11-14,131,2.0,11.6,0,0.0
2023-11-14,226,-2.6,9.8,0,0.0
2023-11-15,127,-1.7,11.4,0,0.0
2023-11-15,131,3.5,12.9,0,0.0
2023-11-15,226,-1.4,12.4,0,0.0
2023-11-16,127,0.4,6.3,3,6.5
2023-11-16,131,5.0,7.9,3,7.8999999999999995
2023-11-16,226,0.4,5.8,3,8.399999999999999
2023-11-17,127,-0.7,5.6,1,0.3
2023-11-17,131,-0.6,6.8,4,2.9
2023-11-17,226,-0.7,6.5,3,0.6000000000000001
2023-11-18,127,-3.8,5.5,0,0.0
2023-11-18,131,-2.4,7.0,1,0.2
2023-11-18,226,-3.1,6.3,0,0.0
2023-11-19,127,-2.0,13.0,0,0.0
2023-11-19,131,2.9,13.8,0,0.0
2023-11-19,226,-0.7,12.9,0,0.0
2023-11-20,127,-1.4,12.0,0,0.0
2023-11-20,131,2.7,12.8,0,0.0
2023-11-20,226,-1.4,12.1,0,0.0
2023-11-21,127,-3.1,14.1,0,0.0
2023-11-21,131,0.5,15.0,0,0.0
2023-11-21,226,-3.8,14.7,0,0.0
2023-11-22,127,-2.3,14.6,0,0.0
2023-11-22,131,1.8,15.4,0,0.0
2023-11-22,226,-2.8,15.2,0,0.0
2023-11-23,127,5.3,16.2,1,0.3
2023-11-23,131,6.1,17.2,0,0.0
2023-11-23,226,5.6,16.9,0,0.0
2023-11-24,127,-3.0,4.4,0,0.0
2023-11-24,131,-1.3,5.0,0,0.0
2023-11-24,226,-2.6,4.8,0,0.0
2023-11-25,127,-7.7,3.5,0,0.0
2023-11-25,131,-4.2,4.4,0,0.0
2023-11-25,226,-7.5,4.7,0,0.0
2023-11-26,127,-4.9,7.2,0,0.0
2023-11-26,131,-0.9,8.4,0,0.0
2023-11-26,226,-4.4,8.5,0,0.0
2023-11-27,127,3.2,7.0,6,9.8
2023-11-27,131,5.5,10.7,6,5.3
2023-11-27,226,3.7,9.3,5,3.2
2023-11-28,127,-2.1,5.5,1,0.4
2023-11-28,131,1.5,7.4,1,0.1
2023-11-28,226,-1.4,6.6,1,0.3
2023-11-29,127,-4.6,5.0,2,1.0
2023-11-29,131,-0.3,6.0,2,0.9
2023-11-29,226,-2.5,5.8,2,0.5
2023-11-30,127,-6.5,0.1,0,0.0
2023-11-30,131,-5.1,1.0,0,0.0
2023-11-30,226,-6.1,0.4,0,0.0
2023-12-01,135,-4.7,1.6,0,0.0
2023-12-02,135,-2.7,6.2,0,0.0
2023-12-03,135,-3.8,6.3,0,0.0
2023-12-04,135,-5.7,9.0,0,0.0
2023-12-05,135,-3.8,11.4,0,0.0
2023-12-06,135,-3.1,10.3,2,2.0
2023-12-07,135,-1.0,10.3,0,0.0
2023-12-08,135,-1.9,15.3,0,0.0
2023-12-09,135,3.1,17.6,0,0.0
2023-12-10,135,3.0,16.2,0,0.0
2023-12-11,135,9.3,11.8,5,36.6
2023-12-12,135,5.5,9.1,3,1.0
2023-12-13,135,3.0,10.8,0,0.0
2023-12-14,135,6.0,9.0,3,24.6
2023-12-15,135,6.1,11.5,8,43.8
2023-12-16,135,-6.7,5.8,5,3.1
2023-12-17,135,-11.4,-6.2,0,0.0
2023-12-18,135,-12.0,-3.3,0,0.0
2023-12-19,135,-8.0,0.5,0,0.0
2023-12-20,135,-10.2,-1.8,2,1.1
2023-12-21,135,-12.7,-7.5,0,0.0
2023-12-22,135,-13.7,-6.6,0,0.0
2023-12-23,135,-11.0,-1.3,0,0.0
2023-12-24,135,-7.4,1.7,2,0.4
2023-12-25,135,-3.0,1.5,1,0.1
2023-12-26,135,0.1,5.5,0,0.0
2023-12-27,135,-2.5,8.0,0,0.0
2023-12-28,135,-3.8,5.5,0,0.0
2023-12-29,135,-4.7,6.0,0,0.0
2023-12-30,135,-3.9,4.9,1,0.1
2023-12-31,135,0.3,4.9,4,4.3
2024-01-01,135,-1.6,7.1,0,0.0
2024-01-02,135,2.5,5.5,0,0.0
2024-01-03,135,-0.7,3.7,4,2.3
2024-01-04,135,-2.9,5.4,0,0.0
2024-01-05,135,-4.1,8.3,0,0.0
2024-01-06,135,-1.6,4.9,0,0.0
2024-01-07,135,-5.5,-0.5,3,0.30000000000000004
2024-01-08,135,-8.8,1.4,0,0.0
2024-01-09,135,-6.1,3.0,1,1.2
2024-01-10,135,-2.7,2.5,2,1.9
2024-01-11,135,-3.6,3.2,0,0.0
2024-01-12,135,-0.4,6.5,0,0.0
2024-01-13,135,-4.9,5.0,0,0.0
2024-01-14,135,-7.8,11.3,2,6.699999999999999
2024-01-15,135,-5.0,1.3,0,0.0
2024-01-16,135,-6.6,4.8,0,0.0
2024-01-17,135,-5.2,4.0,2,2.4
2024-01-18,135,1.2,7.4,5,7.3999999999999995
2024-01-19,135,3.1,4.5,1,0.1
2024-01-20,135,0.4,3.6,5,18.5
2024-01-21,135,0.8,7.2,2,1.7000000000000002
2024-01-22,135,-9.2,0.6,0,0.0
2024-01-23,135,-12.2,-7.2,0,0.0
2024-01-24,135,-11.4,-4.3,0,0.0
2024-01-25,135,-8.9,-0.3,0,0.0
2024-01-26,135,-4.5,2.1,0,0.0
2024-01-27,135,-2.9,4.7,0,0.0
2024-01-28,135,-3.8,2.8,0,0.0
2024-01-29,135,-6.4,3.2,0,0.0
2024-01-30,135,-8.5,7.1,0,0.0
2024-01-31,135,-1.0,12.0,0,0.0
2024-02-01,131,2.5,6.5,0,0.0
2024-02-02,131,1.7,8.7,0,0.0
2024-02-03,131,0.4,9.8,1,0.1
2024-02-04,131,2.0,9.6,0,0.0
2024-02-05,131,0.7,5.8,6,8.0
2024-02-06,131,0.4,4.0,2,0.5
2024-02-07,131,0.1,2.7,0,0.0
2024-02-08,131,-2.4,6.3,0,0.0
2024-02-09,131,-2.6,6.6,0,0.0
2024-02-10,131,-1.9,6.6,0,0.0
2024-02-11,131,-2.5,5.5,0,0.0
2024-02-12,131,-2.5,11.1,0,0.0
2024-02-13,131,0.4,15.9,0,0.0
2024-02-14,131,9.1,18.8,0,0.0
2024-02-15,131,2.0,13.8,3,1.9
2024-02-16,131,-0.5,8.7,0,0.0
2024-02-17,131,-0.7,13.4,0,0.0
2024-02-18,131,1.2,9.6,2,7.4
2024-02-19,131,5.8,14.1,7,27.400000000000002
2024-02-20,131,4.0,7.8,6,4.5
2024-02-21,131,1.7,6.8,6,17.8
2024-02-22,131,0.4,2.5,6,8.6
2024-02-23,131,0.3,5.5,0,0.0
2024-02-24,131,0.7,6.3,1,0.5
2024-02-25,131,0.8,5.0,4,2.3
2024-02-26,131,0.5,8.7,0,0.0
2024-02-27,131,1.1,9.3,0,0.0
2024-02-28,131,3.5,11.1,0,0.0
2024-02-29,131,3.7,7.6,1,0.1
2024-03-01,127,-5.7,3.5,0,0.0
2024-03-01,131,-4.8,2.7,0,0.0
2024-03-01,133,-5.5,2.5,0,0.0
2024-03-01,135,-6.5,2.2,0,0.0
2024-03-01,221,-6.9,3.3,0,0.0
2024-03-01,226,-5.6,2.5,0,0.0
2024-03-02,127,-9.7,3.7,0,0.0
2024-03-02,131,-6.8,4.3,0,0.0
2024-03-02,133,-7.9,4.1,0,0.0
2024-03-02,135,-9.8,3.5,0,0.0
2024-03-02,221,-11.3,1.8,0,0.0
2024-03-02,226,-9.2,3.1,0,0.0
2024-03-03,127,-0.9,9.0,2,3.8
2024-03-03,131,1.2,12.1,0,0.0
2024-03-03,133,1.3,9.9,1,1.2
2024-03-03,135,0.4,8.0,1,0.4
2024-03-03,221,-3.5,7.3,2,2.9000000000000004
2024-03-03,226,-0.4,9.4,2,1.2
2024-03-04,127,-0.1,11.3,0,0.0
2024-03-04,131,2.0,12.0,0,0.0
2024-03-04,133,0.0,12.6,0,0.0
2024-03-04,135,1.4,12.9,0,0.0
2024-03-04,221,-3.6,10.3,0,0.0
2024-03-04,226,-0.6,11.7,0,0.0
2024-03-05,127,5.0,7.6,3,1.0
2024-03-05,131,6.0,8.6,4,1.1
2024-03-05,133,4.7,8.1,4,2.5
2024-03-05,135,3.4,7.6,6,7.199999999999999
2024-03-05,221,3.0,7.5,0,0.0
2024-03-05,226,4.2,9.0,3,2.2
2024-03-06,127,1.3,10.5,0,0.0
2024-03-06,131,2.6,11.6,0,0.0
2024-03-06,133,2.2,11.6,0,0.0
2024-03-06,135,0.6,10.3,0,0.0
2024-03-06,221,0.0,7.0,0,0.0
2024-03-06,226,0.1,10.1,0,0.0
2024-03-07,127,-1.2,8.1,2,1.2000000000000002
2024-03-07,131,2.0,8.9,0,0.0
2024-03-07,133,0.9,8.5,0,0.0
2024-03-07,135,0.8,6.9,1,0.1
2024-03-07,221,0.4,5.7,2,0.6
2024-03-07,226,-0.3,7.2,0,0.0
2024-03-08,127,-3.4,7.3,0,0.0
2024-03-08,131,1.2,7.9,0,0.0
2024-03-08,133,0.0,8.0,0,0.0
2024-03-08,135,-0.7,6.6,0,0.0
2024-03-08,221,-4.1,6.2,0,0.0
2024-03-08,226,-1.4,6.7,0,0.0
2024-03-09,127,-6.0,7.5,0,0.0
2024-03-09,131,-1.8,8.2,0,0.0
2024-03-09,133,-3.0,8.4,0,0.0
2024-03-09,135,-4.0,7.0,0,0.0
2024-03-09,221,-7.2,6.3,0,0.0
2024-03-09,226,-5.9,7.7,0,0.0
2024-03-10,127,-5.4,11.0,0,0.0
2024-03-10,131,-1.9,12.3,0,0.0
2024-03-10,133,-3.2,12.6,0,0.0
2024-03-10,135,-3.6,10.5,0,0.0
2024-03-10,221,-6.6,9.6,0,0.0
2024-03-10,226,-5.6,10.8,0,0.0
2024-03-11,127,-1.7,10.8,0,0.0
2024-03-11,131,1.2,12.0,0,0.0
2024-03-11,133,-0.3,11.7,0,0.0
2024-03-11,135,-3.0,11.3,0,0.0
2024-03-11,221,-3.6,9.5,0,0.0
2024-03-11,226,-2.7,10.9,0,0.0
2024-03-12,127,1.8,8.8,1,0.2
2024-03-12,131,4.5,9.1,2,1.0
2024-03-12,133,2.8,9.1,2,2.0
2024-03-12,135,-0.7,8.4,0,0.0
2024-03-12,221,-1.7,7.6,1,1.0
2024-03-12,226,-0.4,8.9,2,2.6999999999999997
2024-03-13,127,-1.5,12.8,0,0.0
2024-03-13,131,1.9,14.0,0,0.0
2024-03-13,133,0.3,12.7,0,0.0
2024-03-13,135,-0.1,11.7,0,0.0
2024-03-13,221,-2.4,10.8,0,0.0
2024-03-13,226,-2.1,12.1,0,0.0
2024-03-14,127,-1.5,15.6,0,0.0
2024-03-14,131,3.0,16.8,0,0.0
2024-03-14,133,2.1,16.1,0,0.0
2024-03-14,135,0.3,14.7,0,0.0
2024-03-14,221,-3.1,14.1,0,0.0
2024-03-14,226,-2.4,14.8,0,0.0
2024-03-15,127,-1.4,17.4,0,0.0
2024-03-15,131,3.4,18.7,0,0.0
2024-03-15,133,0.7,18.3,0,0.0
2024-03-15,135,-0.4,16.6,0,0.0
2024-03-15,221,-2.9,15.9,0,0.0
2024-03-15,226,-1.9,17.2,0,0.0
2024-03-16,127,0.5,19.6,0,0.0
2024-03-16,131,3.9,20.4,0,0.0
2024-03-16,133,1.9,20.6,0,0.0
2024-03-16,135,0.4,19.4,0,0.0
2024-03-16,221,-1.8,18.2,0,0.0
2024-03-16,226,-0.7,19.0,0,0.0
2024-03-17,127,3.9,14.4,0,0.0
2024-03-17,131,6.4,12.6,0,0.0
2024-03-17,133,4.7,13.5,0,0.0
2024-03-17,135,4.9,14.6,0,0.0
2024-03-17,221,4.7,13.8,0,0.0
2024-03-17,226,3.7,12.1,0,0.0
2024-03-18,127,-1.7,14.1,0,0.0
2024-03-18,131,2.3,15.1,0,0.0
2024-03-18,133,0.2,15.4,0,0.0
2024-03-18,135,-1.3,13.9,0,0.0
2024-03-18,221,-3.3,12.7,0,0.0
2024-03-18,226,-2.6,14.0,0,0.0
2024-03-19,127,2.9,11.1,2,2.4
2024-03-19,131,5.0,12.9,0,0.0
2024-03-19,133,4.5,12.2,0,0.0
2024-03-19,135,3.0,12.1,0,0.0
2024-03-19,221,1.0,8.2,1,5.0
2024-03-19,226,2.6,10.8,0,0.0
2024-03-20,127,0.4,7.8,1,0.2
2024-03-20,131,2.7,8.9,0,0.0
2024-03-20,133,1.3,8.9,0,0.0
2024-03-20,135,1.1,7.8,0,0.0
2024-03-20,221,-3.5,6.3,1,0.8
2024-03-20,226,1.3,8.3,0,0.0
2024-03-21,127,-3.8,10.8,0,0.0
2024-03-21,131,-0.1,12.3,0,0.0
2024-03-21,133,-1.4,11.3,0,0.0
2024-03-21,135,-3.3,10.0,0,0.0
2024-03-21,221,-4.5,9.1,0,0.0
2024-03-21,226,-4.4,10.8,0,0.0
2024-03-22,127,1.2,15.4,1,2.2
2024-03-22,131,4.6,17.3,1,0.6
2024-03-22,133,2.4,16.5,1,3.1
2024-03-22,135,-0.9,15.2,1,0.5
2024-03-22,221,-1.9,14.1,1,2.3
2024-03-22,226,-1.0,15.4,1,2.6
2024-03-23,127,7.7,19.9,1,3.3
2024-03-23,131,11.1,21.1,1,0.5
2024-03-23,133,10.1,21.0,2,1.3
2024-03-23,135,8.8,20.7,2,0.4
2024-03-23,221,6.3,17.8,2,3.0
2024-03-23,226,9.2,19.8,2,1.9
2024-03-24,127,7.4,21.9,0,0.0
2024-03-24,131,12.0,20.9,0,0.0
2024-03-24,133,11.0,19.2,0,0.0
2024-03-24,135,9.1,14.5,0,0.0
2024-03-24,221,4.4,20.9,0,0.0
2024-03-24,226,7.7,17.2,0,0.0
2024-03-25,127,6.5,13.8,3,4.3
2024-03-25,131,8.3,13.8,3,6.0
2024-03-25,133,6.6,12.6,3,6.8
2024-03-25,135,4.9,10.8,3,8.7
2024-03-25,221,4.6,12.0,2,5.1
2024-03-25,226,6.4,12.1,3,6.2
2024-03-26,127,2.5,9.2,5,18.9
2024-03-26,131,3.0,10.1,4,17.8
2024-03-26,133,3.3,11.3,4,19.5
2024-03-26,135,2.7,8.6,5,22.0
2024-03-26,221,2.0,8.5,5,17.0
2024-03-26,226,3.2,10.3,4,13.2
2024-03-27,127,1.7,16.5,0,0.0
2024-03-27,131,4.0,17.3,0,0.0
2024-03-27,133,2.2,17.5,0,0.0
2024-03-27,135,-0.9,16.0,0,0.0
2024-03-27,221,-0.5,15.4,0,0.0
2024-03-27,226,0.1,16.2,0,0.0
2024-03-28,127,8.5,10.3,5,13.3
2024-03-28,131,9.5,12.1,5,10.9
2024-03-28,133,8.4,10.4,5,21.200000000000003
2024-03-28,135,7.3,9.1,5,26.3
2024-03-28,221,6.3,8.2,5,14.5
2024-03-28,226,7.9,10.3,5,20.7
2024-03-29,127,3.0,13.7,0,0.0
2024-03-29,131,6.5,13.3,0,0.0
2024-03-29,133,6.2,13.5,2,0.30000000000000004
2024-03-29,135,3.9,16.7,0,0.0
2024-03-29,221,1.9,12.1,0,0.0
2024-03-29,226,2.5,14.1,0,0.0
2024-03-30,127,1.0,16.9,0,0.0
2024-03-30,131,2.4,17.3,0,0.0
2024-03-30,133,2.3,16.1,0,0.0
2024-03-30,135,-0.6,14.3,0,0.0
2024-03-30,221,-1.1,15.6,0,0.0
2024-03-30,226,0.0,15.7,0,0.0
2024-03-31,127,0.6,17.4,0,0.0
2024-03-31,131,4.3,17.9,0,0.0
2024-03-31,133,2.4,18.8,0,0.0
2024-03-31,135,1.6,18.7,0,0.0
2024-03-31,221,-0.6,17.0,0,0.0
2024-03-31,226,0.4,18.3,0,0.0
2024-04-01,127,2.7,20.0,0,0.0
2024-04-01,131,6.1,21.5,0,0.0
2024-04-01,133,4.0,21.8,0,0.0
2024-04-01,135,5.0,20.6,0,0.0
2024-04-01,221,0.6,18.7,0,0.0
2024-04-01,226,1.2,20.4,0,0.0
2024-04-02,127,3.0,26.0,0,0.0
2024-04-02,131,7.6,25.2,0,0.0
2024-04-02,133,6.0,25.2,0,0.0
2024-04-02,135,3.4,23.2,1,0.5
2024-04-02,221,1.5,24.3,0,0.0
2024-04-02,226,3.0,24.2,0,0.0
2024-04-03,127,13.3,19.1,12,5.9
2024-04-03,131,13.8,17.7,16,11.4
2024-04-03,133,12.2,14.1,17,16.0
2024-04-03,135,11.3,13.1,20,19.5
2024-04-03,221,10.8,14.1,9,4.2
2024-04-03,226,11.9,14.2,16,16.5
2024-04-04,127,10.8,14.8,0,0.0
2024-04-04,131,13.5,16.8,0,0.0
2024-04-04,133,11.9,15.9,0,0.0
2024-04-04,135,9.8,13.1,0,0.0
2024-04-04,221,6.8,13.2,0,0.0
2024-04-04,226,11.2,14.2,1,0.3
2024-04-05,127,9.6,19.3,0,0.0
2024-04-05,131,11.3,19.2,0,0.0
2024-04-05,133,9.9,18.7,0,0.0
2024-04-05,135,7.8,16.8,0,0.0
2024-04-05,221,6.0,17.4,0,0.0
2024-04-05,226,8.8,17.3,0,0.0
2024-04-06,127,5.6,19.2,0,0.0
2024-04-06,131,9.1,19.4,0,0.0
2024-04-06,133,7.9,19.6,0,0.0
2024-04-06,135,6.1,18.7,0,0.0
2024-04-06,221,3.7,17.6,0,0.0
2024-04-06,226,5.6,19.0,0,0.0
2024-04-07,127,4.5,23.3,0,0.0
2024-04-07,131,8.9,24.3,0,0.0
2024-04-07,133,7.3,24.3,0,0.0
2024-04-07,135,5.4,23.2,0,0.0
2024-04-07,221,2.7,23.0,0,0.0
2024-04-07,226,4.6,23.7,0,0.0
2024-04-08,127,8.0,23.0,0,0.0
2024-04-08,131,10.5,23.7,0,0.0
2024-04-08,133,8.4,23.4,0,0.0
2024-04-08,135,7.4,23.0,0,0.0
2024-04-08,221,6.0,22.8,0,0.0
2024-04-08,226,6.6,23.4,0,0.0
2024-04-09,127,10.0,19.0,0,0.0
2024-04-09,131,11.3,20.9,0,0.0
2024-04-09,133,9.5,21.2,0,0.0
2024-04-09,135,7.4,18.2,0,0.0
2024-04-09,221,7.1,16.9,0,0.0
2024-04-09,226,8.0,18.2,0,0.0
2024-04-10,127,7.8,19.3,0,0.0
2024-04-10,131,9.6,19.9,0,0.0
2024-04-10,133,9.4,20.5,0,0.0
2024-04-10,135,4.5,18.2,0,0.0
2024-04-10,221,3.3,17.4,0,0.0
2024-04-10,226,7.4,18.6,0,0.0
2024-04-11,127,10.1,20.9,0,0.0
2024-04-11,131,12.3,21.9,0,0.0
2024-04-11,133,11.2,22.4,0,0.0
2024-04-11,135,8.5,21.9,0,0.0
2024-04-11,221,8.3,20.0,0,0.0
2024-04-11,226,9.5,21.6,0,0.0
2024-04-12,127,7.6,24.4,0,0.0
2024-04-12,131,12.1,25.1,0,0.0
2024-04-12,133,10.1,24.9,0,0.0
2024-04-12,135,6.9,24.2,0,0.0
2024-04-12,221,5.2,23.7,0,0.0
2024-04-12,226,7.3,24.2,0,0.0
2024-04-13,127,8.5,27.7,0,0.0
2024-04-13,131,12.7,28.3,0,0.0
2024-04-13,133,10.5,27.9,0,0.0
2024-04-13,135,11.2,26.3,0,0.0
2024-04-13,221,6.5,27.0,0,0.0
2024-04-13,226,7.7,27.5,0,0.0
2024-04-14,127,9.0,28.0,0,0.0
2024-04-14,131,12.8,28.7,0,0.0
2024-04-14,133,11.2,28.5,0,0.0
2024-04-14,135,8.6,25.3,0,0.0
2024-04-14,221,7.1,28.2,0,0.0
2024-04-14,226,8.5,26.3,0,0.0
2024-04-15,127,14.5,20.6,7,30.7
2024-04-15,131,14.3,21.1,11,12.299999999999999
2024-04-15,133,13.0,19.5,8,7.5
2024-04-15,135,14.1,17.9,6,16.5
2024-04-15,221,12.4,18.9,11,29.5
2024-04-15,226,14.9,19.6,9,10.5
2024-04-16,127,11.4,20.6,3,1.7000000000000002
2024-04-16,131,12.1,20.7,3,2.9
2024-04-16,133,11.8,20.3,2,0.5
2024-04-16,135,10.6,20.0,0,0.0
2024-04-16,221,9.4,17.8,3,1.6
2024-04-16,226,10.4,20.0,5,3.8
2024-04-17,127,8.1,21.8,0,0.0
2024-04-17,131,9.7,22.8,0,0.0
2024-04-17,133,9.2,22.8,0,0.0
2024-04-17,135,6.6,22.3,0,0.0
2024-04-17,221,5.9,21.0,0,0.0
2024-04-17,226,6.3,22.0,0,0.0
2024-04-18,127,7.6,25.2,0,0.0
2024-04-18,131,11.0,25.7,0,0.0
2024-04-18,133,8.7,25.8,0,0.0
2024-04-18,135,8.9,24.1,0,0.0
2024-04-18,221,6.6,24.5,0,0.0
2024-04-18,226,7.1,24.7,0,0.0
2024-04-19,127,6.9,25.5,0,0.0
2024-04-19,131,11.6,26.1,0,0.0
2024-04-19,133,9.0,25.8,0,0.0
2024-04-19,135,8.1,25.7,0,0.0
2024-04-19,221,6.3,24.4,0,0.0
2024-04-19,226,5.9,25.4,0,0.0
2024-04-20,127,12.8,15.3,15,16.8
2024-04-20,131,13.4,18.2,13,14.8
2024-04-20,133,13.5,16.5,11,3.5
2024-04-20,135,12.1,15.7,7,3.2
2024-04-20,221,11.8,13.9,12,11.0
2024-04-20,226,12.4,15.3,9,8.0
2024-04-21,127,13.1,19.3,0,0.0
2024-04-21,131,13.6,19.5,0,0.0
2024-04-21,133,13.8,18.1,1,0.1
2024-04-21,135,12.1,15.0,10,2.0
2024-04-21,221,12.4,17.5,0,0.0
2024-04-21,226,13.6,17.6,4,0.5
2024-04-22,127,13.8,23.1,0,0.0
2024-04-22,131,15.5,23.1,0,0.0
2024-04-22,133,14.3,22.4,0,0.0
2024-04-22,135,8.7,17.1,0,0.0
2024-04-22,221,12.6,21.2,0,0.0
2024-04-22,226,12.9,20.4,0,0.0
2024-04-23,127,10.5,22.9,0,0.0
2024-04-23,131,12.3,22.7,0,0.0
2024-04-23,133,10.6,22.4,0,0.0
2024-04-23,135,8.1,19.1,1,0.3
2024-04-23,221,10.6,21.1,0,0.0
2024-04-23,226,11.0,20.7,0,0.0
2024-04-24,127,11.3,17.5,3,3.4
2024-04-24,131,12.1,18.0,5,6.4
2024-04-24,133,11.2,17.2,3,4.3
2024-04-24,135,9.6,16.2,5,2.2
2024-04-24,221,10.0,15.2,7,8.4
2024-04-24,226,10.7,16.8,4,5.1000000000000005
2024-04-25,127,9.8,21.7,0,0.0
2024-04-25,131,10.3,23.0,0,0.0
2024-04-25,133,9.6,23.3,0,0.0
2024-04-25,135,8.7,22.7,0,0.0
2024-04-25,221,9.4,21.1,0,0.0
2024-04-25,226,10.0,22.6,0,0.0
2024-04-26,127,8.7,25.6,0,0.0
2024-04-26,131,11.8,26.7,0,0.0
2024-04-26,133,10.0,27.2,0,0.0
2024-04-26,135,8.8,24.9,0,0.0
2024-04-26,221,7.3,24.9,0,0.0
2024-04-26,226,7.8,26.4,0,0.0
2024-04-27,127,9.1,27.0,0,0.0
2024-04-27,131,12.7,26.6,0,0.0
2024-04-27,133,10.7,27.3,0,0.0
2024-04-27,135,10.3,26.7,0,0.0
2024-04-27,221,7.1,26.2,0,0.0
2024-04-27,226,9.0,26.7,0,0.0
2024-04-28,127,9.1,28.3,0,0.0
2024-04-28,131,12.2,28.2,0,0.0
2024-04-28,133,9.5,28.9,0,0.0
2024-04-28,135,7.8,27.2,0,0.0
2024-04-28,221,7.7,28.1,0,0.0
2024-04-28,226,7.2,28.0,0,0.0
2024-04-29,127,16.3,20.5,2,0.5
2024-04-29,131,16.8,21.0,5,1.3
2024-04-29,133,15.6,19.2,3,0.8
2024-04-29,135,12.0,17.2,10,3.9
2024-04-29,221,14.1,18.9,0,0.0
2024-04-29,226,14.5,18.3,4,1.1
2024-04-30,127,14.0,21.0,0,0.0
2024-04-30,131,15.3,21.5,0,0.0
2024-04-30,133,13.6,20.1,0,0.0
2024-04-30,135,12.8,19.2,0,0.0
2024-04-30,221,10.3,20.2,0,0.0
2024-04-30,226,13.1,19.6,0,0.0
2024-05-01,127,13.3,22.3,0,0.0
2024-05-01,131,13.6,22.4,0,0.0
2024-05-01,133,12.0,21.1,0,0.0
2024-05-01,135,7.5,18.3,6,6.9
2024-05-01,221,10.5,20.5,0,0.0
2024-05-01,226,10.3,19.2,0,0.0
2024-05-02,127,7.1,24.2,0,0.0
2024-05-02,131,11.6,24.4,0,0.0
2024-05-02,133,9.6,24.4,0,0.0
2024-05-02,135,4.4,23.2,0,0.0
2024-05-02,221,5.1,23.4,0,0.0
2024-05-02,226,5.6,23.4,0,0.0
2024-05-03,127,7.0,27.6,0,0.0
2024-05-03,131,11.6,27.1,0,0.0
2024-05-03,133,8.8,27.2,0,0.0
2024-05-03,135,11.1,25.9,0,0.0
2024-05-03,221,5.6,26.3,0,0.0
2024-05-03,226,6.6,26.4,0,0.0
2024-05-04,127,9.7,28.5,0,0.0
2024-05-04,131,13.6,28.3,0,0.0
2024-05-04,133,11.0,28.9,0,0.0
2024-05-04,135,7.6,26.8,0,0.0
2024-05-04,221,8.4,28.0,0,0.0
2024-05-04,226,8.4,27.5,0,0.0
2024-05-05,127,16.1,19.0,17,19.6
2024-05-05,131,18.5,21.7,15,31.6
2024-05-05,133,17.0,21.7,18,50.0
2024-05-05,135,16.6,19.0,14,15.1
2024-05-05,221,14.1,17.0,18,28.7
2024-05-05,226,15.0,18.3,17,32.7
2024-05-06,127,13.8,17.8,8,10.4
2024-05-06,131,14.0,17.7,6,10.799999999999999
2024-05-06,133,13.5,16.8,6,7.4
2024-05-06,135,13.0,18.4,6,7.6
2024-05-06,221,12.4,16.8,13,13.3
2024-05-06,226,13.6,17.8,5,10.0
2024-05-07,127,12.6,14.7,8,2.7
2024-05-07,131,12.0,15.3,17,13.1
2024-05-07,133,10.9,15.8,12,12.9
2024-05-07,135,9.7,15.3,15,10.6
2024-05-07,221,11.2,14.0,4,1.7000000000000002
2024-05-07,226,10.9,15.2,15,12.7
2024-05-08,127,6.5,20.4,0,0.0
2024-05-08,131,9.8,20.3,2,1.1
2024-05-08,133,9.7,19.7,3,3.0
2024-05-08,135,6.7,17.9,3,2.5
2024-05-08,221,5.6,17.6,0,0.0
2024-05-08,226,7.6,19.1,3,1.8
2024-05-09,127,7.0,23.1,0,0.0
2024-05-09,131,10.3,23.7,0,0.0
2024-05-09,133,8.2,22.4,0,0.0
2024-05-09,135,5.9,21.5,0,0.0
2024-05-09,221,5.4,21.1,0,0.0
2024-05-09,226,6.4,21.8,0,0.0
2024-05-10,127,8.4,25.5,0,0.0
2024-05-10,131,12.6,25.6,0,0.0
2024-05-10,133,9.6,25.3,0,0.0
2024-05-10,135,8.7,26.6,0,0.0
2024-05-10,221,7.0,24.2,0,0.0
2024-05-10,226,7.6,24.8,0,0.0
2024-05-11,127,9.1,24.2,5,10.8
2024-05-11,131,14.8,24.8,4,12.0
2024-05-11,133,12.9,25.0,5,6.699999999999999
2024-05-11,135,7.9,24.7,3,8.2
2024-05-11,221,7.8,23.6,5,9.8
2024-05-11,226,9.2,23.9,3,4.300000000000001
2024-05-12,127,11.8,21.5,3,9.2
2024-05-12,131,12.5,21.5,2,4.7
2024-05-12,133,11.3,22.2,3,4.9
2024-05-12,135,12.1,20.3,5,6.0
2024-05-12,221,11.0,20.3,3,7.8
2024-05-12,226,11.0,21.2,4,5.5
2024-05-13,127,8.1,24.2,0,0.0
2024-05-13,131,12.0,25.4,0,0.0
2024-05-13,133,9.5,25.1,0,0.0
2024-05-13,135,9.8,23.3,0,0.0
2024-05-13,221,7.1,23.8,0,0.0
2024-05-13,226,7.8,23.8,0,0.0
2024-05-14,127,8.3,25.7,0,0.0
2024-05-14,131,12.8,26.4,0,0.0
2024-05-14,133,10.5,25.7,0,0.0
2024-05-14,135,7.0,25.1,0,0.0
2024-05-14,221,7.3,24.7,0,0.0
2024-05-14,226,7.4,25.0,0,0.0
2024-05-15,127,8.6,22.7,6,30.799999999999997
2024-05-15,131,9.5,23.4,7,14.100000000000001
2024-05-15,133,8.9,22.9,5,7.4
2024-05-15,135,8.3,23.3,6,5.7
2024-05-15,221,8.0,22.1,5,32.1
2024-05-15,226,8.4,22.8,6,8.0
2024-05-16,127,7.3,19.7,8,9.2
2024-05-16,131,8.1,20.9,6,3.0
2024-05-16,133,7.1,20.3,5,4.3
2024-05-16,135,6.5,18.5,8,5.2
2024-05-16,221,6.8,18.2,5,5.3
2024-05-16,226,7.4,19.7,6,4.2
2024-05-17,127,8.3,24.7,0,0.0
2024-05-17,131,13.1,25.7,0,0.0
2024-05-17,133,13.4,25.4,0,0.0
2024-05-17,135,11.0,25.1,0,0.0
2024-05-17,221,6.0,23.3,0,0.0
2024-05-17,226,9.3,24.7,0,0.0
2024-05-18,127,10.6,27.3,0,0.0
2024-05-18,131,14.5,27.8,0,0.0
2024-05-18,133,12.1,27.6,0,0.0
2024-05-18,135,7.6,27.1,0,0.0
2024-05-18,221,9.0,25.7,0,0.0
2024-05-18,226,9.6,26.4,0,0.0
2024-05-19,127,13.5,28.4,0,0.0
2024-05-19,131,16.7,29.2,0,0.0
2024-05-19,133,14.5,28.9,0,0.0
2024-05-19,135,11.5,28.5,0,0.0
2024-05-19,221,11.7,27.3,0,0.0
2024-05-19,226,12.4,28.3,0,0.0
2024-05-20,127,11.2,23.9,0,0.0
2024-05-20,131,16.0,25.7,0,0.0
2024-05-20,133,13.4,24.8,0,0.0
2024-05-20,135,11.3,25.0,0,0.0
2024-05-20,221,10.3,22.8,0,0.0
2024-05-20,226,12.2,23.7,0,0.0
2024-05-21,127,15.8,25.8,0,0.0
2024-05-21,131,17.8,26.4,0,0.0
2024-05-21,133,15.7,26.4,0,0.0
2024-05-21,135,13.2,21.3,0,0.0
2024-05-21,221,12.2,25.4,0,0.0
2024-05-21,226,13.4,22.6,0,0.0
2024-05-22,127,12.8,26.9,0,0.0
2024-05-22,131,16.8,26.9,0,0.0
2024-05-22,133,15.4,27.7,0,0.0
2024-05-22,135,11.8,28.0,0,0.0
2024-05-22,221,12.4,26.3,0,0.0
2024-05-22,226,12.5,27.2,0,0.0
2024-05-23,127,14.2,28.8,0,0.0
2024-05-23,131,16.8,28.9,0,0.0
2024-05-23,133,15.8,29.1,0,0.0
2024-05-23,135,15.9,28.2,0,0.0
2024-05-23,221,12.4,27.3,0,0.0
2024-05-23,226,14.3,27.8,0,0.0
2024-05-24,127,13.0,27.5,0,0.0
2024-05-24,131,15.9,27.3,0,0.0
2024-05-24,133,14.7,27.8,0,0.0
2024-05-24,135,13.6,27.6,0,0.0
2024-05-24,221,12.2,26.2,0,0.0
2024-05-24,226,11.6,26.8,0,0.0
2024-05-25,127,17.3,24.6,0,0.0
2024-05-25,131,19.2,23.0,0,0.0
2024-05-25,133,18.0,21.3,0,0.0
2024-05-25,135,15.6,19.1,0,0.0
2024-05-25,221,15.7,23.2,0,0.0
2024-05-25,226,16.7,20.1,0,0.0
2024-05-26,127,16.7,26.7,8,35.7
2024-05-26,131,17.5,27.0,7,32.2
2024-05-26,133,14.4,26.0,6,30.2
2024-05-26,135,11.1,24.3,4,11.2
2024-05-26,221,14.4,25.8,8,29.4
2024-05-26,226,12.6,24.8,6,49.1
2024-05-27,127,14.1,22.7,1,0.3
2024-05-27,131,15.5,23.7,1,0.1
2024-05-27,133,14.3,23.1,0,0.0
2024-05-27,135,14.8,21.2,1,0.6
2024-05-27,221,13.9,20.8,2,0.6
2024-05-27,226,14.0,22.2,1,0.1
2024-05-28,127,11.3,24.0,0,0.0
2024-05-28,131,14.5,24.9,0,0.0
2024-05-28,133,12.3,24.7,0,0.0
2024-05-28,135,10.6,22.0,0,0.0
2024-05-28,221,10.5,21.0,0,0.0
2024-05-28,226,10.8,24.2,0,0.0
2024-05-29,127,11.0,27.3,0,0.0
2024-05-29,131,15.1,27.9,0,0.0
2024-05-29,133,12.9,27.9,0,0.0
2024-05-29,135,9.7,26.2,0,0.0
2024-05-29,221,9.0,25.8,0,0.0
2024-05-29,226,10.3,26.3,0,0.0
2024-05-30,127,15.0,25.1,0,0.0
2024-05-30,131,17.7,25.8,0,0.0
2024-05-30,133,16.3,25.0,0,0.0
2024-05-30,135,14.1,24.2,0,0.0
2024-05-30,221,13.0,24.4,0,0.0
2024-05-30,226,14.2,24.2,0,0.0
2024-05-31,127,15.8,26.3,0,0.0
2024-05-31,131,18.2,27.0,0,0.0
2024-05-31,133,16.4,27.2,0,0.0
2024-05-31,135,17.0,25.6,0,0.0
2024-05-31,221,14.7,25.3,0,0.0
2024-05-31,226,15.5,25.9,0,0.0
2024-06-01,127,16.2,24.6,0,0.0
2024-06-01,131,18.0,24.7,0,0.0
2024-06-01,133,16.7,24.9,0,0.0
2024-06-01,135,16.1,23.5,0,0.0
2024-06-01,221,15.7,23.4,1,0.1
2024-06-01,226,15.4,23.9,0,0.0
2024-06-02,127,12.4,24.9,0,0.0
2024-06-02,131,15.5,27.0,0,0.0
2024-06-02,133,14.1,26.8,0,0.0
2024-06-02,135,12.1,24.0,0,0.0
2024-06-02,221,11.3,23.8,0,0.0
2024-06-02,226,10.9,25.0,0,0.0
2024-06-03,127,13.5,26.5,0,0.0
2024-06-03,131,16.0,27.3,0,0.0
2024-06-03,133,13.7,27.1,0,0.0
2024-06-03,135,11.4,24.5,0,0.0
2024-06-03,221,12.6,24.6,0,0.0
2024-06-03,226,11.4,24.1,1,0.2
2024-06-04,127,11.0,27.4,0,0.0
2024-06-04,131,17.1,28.6,0,0.0
2024-06-04,133,15.4,27.6,0,0.0
2024-06-04,135,12.1,24.9,0,0.0
2024-06-04,221,8.4,26.8,0,0.0
2024-06-04,226,12.5,25.1,0,0.0
2024-06-05,127,13.4,29.2,0,0.0
2024-06-05,131,17.7,29.4,0,0.0
2024-06-05,133,16.5,28.4,0,0.0
2024-06-05,135,10.5,26.8,0,0.0
2024-06-05,221,11.5,28.2,0,0.0
2024-06-05,226,11.5,27.5,0,0.0
2024-06-06,127,15.5,28.8,0,0.0
2024-06-06,131,19.0,29.9,0,0.0
2024-06-06,133,17.7,28.8,0,0.0
2024-06-06,135,14.1,26.2,0,0.0
2024-06-06,221,14.6,28.4,0,0.0
2024-06-06,226,15.4,27.2,0,0.0
2024-06-07,127,14.8,27.2,0,0.0
2024-06-07,131,18.7,28.5,0,0.0
2024-06-07,133,16.2,28.2,0,0.0
2024-06-07,135,13.6,26.9,0,0.0
2024-06-07,221,12.5,26.3,0,0.0
2024-06-07,226,14.0,26.8,0,0.0
2024-06-08,127,18.6,23.2,8,5.0
2024-06-08,131,18.7,25.0,8,2.5
2024-06-08,133,17.5,25.8,7,4.7
2024-06-08,135,18.0,20.8,10,11.0
2024-06-08,221,17.7,20.5,6,2.2
2024-06-08,226,17.7,22.0,5,2.0
2024-06-09,127,17.5,28.7,0,0.0
2024-06-09,131,19.8,29.9,0,0.0
2024-06-09,133,18.8,30.1,0,0.0
2024-06-09,135,17.7,27.4,0,0.0
2024-06-09,221,17.0,27.5,0,0.0
2024-06-09,226,16.3,28.0,0,0.0
2024-06-10,127,16.2,30.5,0,0.0
2024-06-10,131,19.0,31.4,0,0.0
2024-06-10,133,17.5,31.0,0,0.0
2024-06-10,135,16.7,30.8,0,0.0
2024-06-10,221,14.8,28.7,0,0.0
2024-06-10,226,16.2,30.1,0,0.0
2024-06-11,127,18.0,31.4,0,0.0
2024-06-11,131,21.5,32.2,0,0.0
2024-06-11,133,21.7,31.8,0,0.0
2024-06-11,135,21.9,30.7,0,0.0
2024-06-11,221,17.5,29.9,0,0.0
2024-06-11,226,16.6,30.4,0,0.0
2024-06-12,127,17.6,33.0,0,0.0
2024-06-12,131,20.6,33.2,0,0.0
2024-06-12,133,18.7,33.3,0,0.0
2024-06-12,135,17.5,31.7,0,0.0
2024-06-12,221,15.7,31.5,0,0.0
2024-06-12,226,17.0,31.9,0,0.0
2024-06-13,127,17.3,33.2,0,0.0
2024-06-13,131,19.7,33.4,0,0.0
2024-06-13,133,17.8,33.6,0,0.0
2024-06-13,135,17.5,32.9,0,0.0
2024-06-13,221,16.1,32.4,0,0.0
2024-06-13,226,15.7,32.3,0,0.0
2024-06-14,127,18.8,32.2,0,0.0
2024-06-14,131,21.7,32.4,0,0.0
2024-06-14,133,20.3,33.0,0,0.0
2024-06-14,135,16.2,32.0,0,0.0
2024-06-14,221,16.5,31.7,0,0.0
2024-06-14,226,16.8,30.8,0,0.0
2024-06-15,127,19.8,27.3,6,18.200000000000003
2024-06-15,131,22.5,28.5,2,1.4
2024-06-15,133,21.8,28.4,3,2.8
2024-06-15,135,18.8,28.6,1,8.3
2024-06-15,221,19.1,27.8,5,2.4
2024-06-15,226,19.3,28.3,5,2.2
2024-06-16,127,18.7,29.1,0,0.0
2024-06-16,131,20.7,30.1,0,0.0
2024-06-16,133,19.2,30.0,0,0.0
2024-06-16,135,17.7,28.2,0,0.0
2024-06-16,221,17.6,27.9,1,0.7
2024-06-16,226,18.0,28.8,0,0.0
2024-06-17,127,14.4,28.4,0,0.0
2024-06-17,131,19.7,29.8,0,0.0
2024-06-17,133,17.7,28.4,0,0.0
2024-06-17,135,15.6,26.5,0,0.0
2024-06-17,221,13.1,27.8,0,0.0
2024-06-17,226,14.5,27.6,0,0.0
2024-06-18,127,14.1,33.0,0,0.0
2024-06-18,131,19.3,33.9,0,0.0
2024-06-18,133,16.9,33.6,0,0.0
2024-06-18,135,16.4,31.7,0,0.0
2024-06-18,221,12.8,32.3,0,0.0
2024-06-18,226,14.0,32.1,0,0.0
2024-06-19,127,17.4,34.7,0,0.0
2024-06-19,131,21.3,36.0,0,0.0
2024-06-19,133,19.3,35.9,0,0.0
2024-06-19,135,17.5,33.8,0,0.0
2024-06-19,221,15.4,33.6,0,0.0
2024-06-19,226,17.2,34.2,0,0.0
2024-06-20,127,19.0,31.6,0,0.0
2024-06-20,131,22.9,32.2,0,0.0
2024-06-20,133,20.3,32.0,0,0.0
2024-06-20,135,16.9,26.8,0,0.0
2024-06-20,221,17.7,32.3,0,0.0
2024-06-20,226,17.1,28.8,0,0.0
2024-06-21,127,17.3,32.0,0,0.0
2024-06-21,131,21.2,32.6,0,0.0
2024-06-21,133,18.8,32.6,0,0.0
2024-06-21,135,14.6,29.9,0,0.0
2024-06-21,221,15.5,30.6,0,0.0
2024-06-21,226,15.5,30.2,0,0.0
2024-06-22,127,21.5,24.4,9,46.8
2024-06-22,131,22.5,26.2,15,27.299999999999997
2024-06-22,133,22.4,25.2,14,13.1
2024-06-22,135,21.5,23.0,13,14.3
2024-06-22,221,20.9,23.1,15,76.0
2024-06-22,226,21.4,23.7,14,9.9
2024-06-23,127,21.9,28.3,10,11.6
2024-06-23,131,23.2,29.2,9,4.3
2024-06-23,133,22.3,27.9,6,1.2
2024-06-23,135,21.8,26.4,4,1.2
2024-06-23,221,20.7,26.6,12,7.6
2024-06-23,226,22.1,27.0,11,8.1
2024-06-24,127,20.3,29.8,2,3.5999999999999996
2024-06-24,131,21.2,30.1,1,0.2
2024-06-24,133,21.0,30.0,0,0.0
2024-06-24,135,20.5,29.7,0,0.0
2024-06-24,221,19.1,28.3,2,13.1
2024-06-24,226,19.6,29.6,1,0.1
2024-06-25,127,16.0,27.2,0,0.0
2024-06-25,131,19.2,28.9,0,0.0
2024-06-25,133,18.3,27.8,0,0.0
2024-06-25,135,18.0,25.5,0,0.0
2024-06-25,221,15.2,24.9,0,0.0
2024-06-25,226,15.5,26.4,0,0.0
2024-06-26,127,15.3,29.8,0,0.0
2024-06-26,131,19.8,30.6,0,0.0
2024-06-26,133,17.8,30.3,0,0.0
2024-06-26,135,16.2,28.6,0,0.0
2024-06-26,221,14.4,28.5,0,0.0
2024-06-26,226,15.2,28.9,0,0.0
2024-06-27,127,17.0,28.4,0,0.0
2024-06-27,131,21.1,29.0,0,0.0
2024-06-27,133,19.5,28.3,0,0.0
2024-06-27,135,15.3,25.0,0,0.0
2024-06-27,221,15.5,27.3,0,0.0
2024-06-27,226,16.1,26.7,0,0.0
2024-06-28,127,15.3,31.7,0,0.0
2024-06-28,131,19.3,32.5,0,0.0
2024-06-28,133,18.4,32.2,0,0.0
2024-06-28,135,14.8,31.6,0,0.0
2024-06-28,221,14.5,29.8,0,0.0
2024-06-28,226,14.0,31.4,0,0.0
2024-06-29,127,18.7,30.5,6,28.2
2024-06-29,131,23.5,30.7,7,43.5
2024-06-29,133,22.1,29.9,8,40.699999999999996
2024-06-29,135,19.5,27.6,7,28.9
2024-06-29,221,17.0,29.4,4,38.800000000000004
2024-06-29,226,18.9,28.6,7,36.699999999999996
2024-06-30,127,23.1,27.2,9,12.700000000000001
2024-06-30,131,24.4,28.9,6,5.5
2024-06-30,133,23.0,26.0,11,14.4
2024-06-30,135,22.0,25.2,14,31.7
2024-06-30,221,20.6,25.4,10,30.8
2024-06-30,226,21.8,25.2,10,10.9
2024-07-01,127,21.3,30.1,0,0.0
2024-07-01,133,21.6,31.9,0,0.0
2024-07-01,226,20.4,29.7,0,0.0
2024-07-02,127,21.3,25.5,8,83.7
2024-07-02,133,20.8,26.2,10,57.0
2024-07-02,226,20.6,25.0,8,52.0
2024-07-03,127,23.1,27.5,8,10.8
2024-07-03,133,23.1,29.4,8,31.9
2024-07-03,226,22.9,28.3,6,25.8
2024-07-04,127,23.2,31.2,0,0.0
2024-07-04,133,23.3,31.9,0,0.0
2024-07-04,226,22.5,30.6,0,0.0
2024-07-05,127,22.3,29.0,2,0.7
2024-07-05,133,23.4,28.9,2,3.9
2024-07-05,226,21.6,28.2,1,2.6
2024-07-06,127,21.2,31.9,3,6.9
2024-07-06,133,23.8,30.3,1,0.1
2024-07-06,226,21.0,30.6,0,0.0
2024-07-07,127,21.3,27.2,18,71.4
2024-07-07,133,22.6,27.6,12,36.2
2024-07-07,226,22.3,27.6,13,46.699999999999996
2024-07-08,127,22.2,25.1,19,72.3
2024-07-08,133,22.5,26.0,19,137.3
2024-07-08,226,22.1,24.9,23,154.7
2024-07-09,127,22.0,24.3,12,8.9
2024-07-09,133,22.1,24.1,13,10.9
2024-07-09,226,22.1,24.5,12,7.3999999999999995
2024-07-10,127,21.3,30.7,11,86.89999999999999
2024-07-10,133,21.2,26.5,11,93.2
2024-07-10,226,21.4,25.7,9,58.2
2024-07-11,127,21.7,30.7,1,2.3
2024-07-11,133,22.3,26.8,1,2.4
2024-07-11,226,21.8,28.3,3,3.9
2024-07-12,127,22.3,30.3,0,0.0
2024-07-12,133,22.4,31.0,0,0.0
2024-07-12,226,22.1,30.3,0,0.0
2024-07-13,127,22.2,32.5,0,0.0
2024-07-13,133,22.7,30.6,1,4.9
2024-07-13,226,22.2,29.7,0,0.0
2024-07-14,127,24.0,29.0,0,0.0
2024-07-14,133,23.6,29.4,0,0.0
2024-07-14,226,22.7,27.3,0,0.0
2024-07-15,127,23.6,30.3,0,0.0
2024-07-15,133,23.7,30.6,1,0.2
2024-07-15,226,22.9,28.5,0,0.0
2024-07-16,127,24.0,29.1,4,14.7
2024-07-16,133,22.1,26.6,12,45.3
2024-07-16,226,22.2,25.9,14,52.2
2024-07-17,127,23.0,30.4,5,26.900000000000002
2024-07-17,133,22.2,29.4,2,1.1
2024-07-17,226,21.9,28.9,4,4.6
2024-07-18,127,23.8,27.8,11,58.3
2024-07-18,133,23.9,27.6,5,28.5
2024-07-18,226,23.9,26.5,8,20.0
2024-07-19,127,23.5,30.5,0,0.0
2024-07-19,133,23.3,28.1,7,1.7
2024-07-19,226,22.9,28.0,10,3.4
2024-07-20,127,23.1,30.2,4,4.3
2024-07-20,133,22.6,30.8,5,12.0
2024-07-20,226,22.4,28.8,3,8.9
2024-07-21,127,25.0,30.2,2,3.6
2024-07-21,133,25.0,31.5,4,4.7
2024-07-21,226,24.3,30.5,6,12.0
2024-07-22,127,25.7,30.8,0,0.0
2024-07-22,133,26.1,31.1,0,0.0
2024-07-22,226,23.9,30.7,0,0.0
2024-07-23,127,24.7,29.2,10,5.2
2024-07-23,133,26.3,28.5,7,3.9000000000000004
2024-07-23,226,24.3,27.8,6,2.1
2024-07-24,127,24.2,32.3,8,20.5
2024-07-24,133,25.4,33.3,2,2.5
2024-07-24,226,23.9,31.5,3,6.0
2024-07-25,127,24.6,33.1,1,23.5
2024-07-25,133,24.8,34.6,1,0.1
2024-07-25,226,23.7,32.9,0,0.0
2024-07-26,127,24.4,32.7,0,0.0
2024-07-26,133,25.2,33.1,2,1.3
2024-07-26,226,23.4,31.3,1,0.3
2024-07-27,127,25.8,32.2,1,2.3
2024-07-27,133,26.0,31.9,2,6.0
2024-07-27,226,24.5,31.3,5,52.8
2024-07-28,127,25.0,33.2,0,0.0
2024-07-28,133,25.9,33.8,0,0.0
2024-07-28,226,24.8,33.0,0,0.0
2024-07-29,127,25.3,31.4,0,0.0
2024-07-29,133,26.6,31.9,0,0.0
2024-07-29,226,23.6,31.2,0,0.0
2024-07-30,127,26.3,30.8,0,0.0
2024-07-30,133,26.5,32.3,0,0.0
2024-07-30,226,24.6,31.0,0,0.0
2024-07-31,127,25.3,33.2,0,0.0
2024-07-31,133,26.1,34.3,0,0.0
2024-07-31,226,23.9,32.2,0,0.0
2024-08-01,127,26.2,33.3,0,0.0
2024-08-01,133,27.1,33.6,0,0.0
2024-08-01,135,24.0,32.7,0,0.0
2024-08-01,221,24.0,31.6,0,0.0
2024-08-02,127,27.1,33.3,1,0.1
2024-08-02,133,27.4,33.5,0,0.0
2024-08-02,135,24.2,33.2,0,0.0
2024-08-02,221,25.0,32.1,1,0.1
2024-08-03,127,26.7,34.9,0,0.0
2024-08-03,133,27.6,35.2,0,0.0
2024-08-03,135,26.1,33.7,0,0.0
2024-08-03,221,24.8,33.0,0,0.0
2024-08-04,127,25.5,35.0,0,0.0
2024-08-04,133,26.2,34.5,1,0.9
2024-08-04,135,24.2,34.4,0,0.0
2024-08-04,221,23.2,34.5,0,0.0
2024-08-05,127,23.7,33.5,6,23.4
2024-08-05,133,24.4,34.2,3,34.3
2024-08-05,135,23.8,31.3,2,1.9000000000000001
2024-08-05,221,23.6,31.6,4,2.8
2024-08-06,127,23.2,32.6,0,0.0
2024-08-06,133,23.4,33.1,0,0.0
2024-08-06,135,22.3,32.8,0,0.0
2024-08-06,221,22.4,31.7,0,0.0
2024-08-07,127,24.5,31.8,2,2.5
2024-08-07,133,25.5,34.4,1,1.0
2024-08-07,135,22.7,33.7,0,0.0
2024-08-07,221,22.6,31.8,1,0.2
2024-08-08,127,23.2,29.7,0,0.0
2024-08-08,133,25.5,29.5,0,0.0
2024-08-08,135,23.3,30.6,0,0.0
2024-08-08,221,23.1,28.8,0,0.0
2024-08-09,127,24.3,33.5,0,0.0
2024-08-09,133,24.7,33.8,0,0.0
2024-08-09,135,22.3,32.3,0,0.0
2024-08-09,221,22.3,32.2,0,0.0
2024-08-10,127,23.5,33.1,1,0.2
2024-08-10,133,24.6,33.5,0,0.0
2024-08-10,135,21.6,31.5,0,0.0
2024-08-10,221,22.4,32.4,0,0.0
2024-08-11,127,24.1,33.5,0,0.0
2024-08-11,133,25.2,32.9,0,0.0
2024-08-11,135,23.4,32.3,0,0.0
2024-08-11,221,21.9,33.1,0,0.0
2024-08-12,127,24.3,34.4,0,0.0
2024-08-12,133,26.0,35.3,0,0.0
2024-08-12,135,23.4,33.4,0,0.0
2024-08-12,221,22.9,33.4,2,3.2
2024-08-13,127,25.7,33.8,1,3.0
2024-08-13,133,25.0,34.7,1,19.3
2024-08-13,135,21.8,33.0,0,0.0
2024-08-13,221,22.8,33.7,0,0.0
2024-08-14,127,24.3,34.2,0,0.0
2024-08-14,133,25.0,34.2,0,0.0
2024-08-14,135,21.0,32.2,0,0.0
2024-08-14,221,22.1,33.0,0,0.0
2024-08-15,127,24.2,34.2,0,0.0
2024-08-15,133,25.7,33.8,0,0.0
2024-08-15,135,21.7,31.9,0,0.0
2024-08-15,221,22.9,32.9,0,0.0
2024-08-16,127,24.2,33.4,0,0.0
2024-08-16,133,25.6,33.9,0,0.0
2024-08-16,135,22.0,31.8,0,0.0
2024-08-16,221,21.2,31.5,2,0.6000000000000001
2024-08-17,127,24.5,34.0,1,1.2
2024-08-17,133,25.7,34.2,0,0.0
2024-08-17,135,22.0,32.4,0,0.0
2024-08-17,221,22.6,33.4,3,43.400000000000006
2024-08-18,127,24.5,34.1,0,0.0
2024-08-18,133,26.0,34.7,0,0.0
2024-08-18,135,21.9,32.0,0,0.0
2024-08-18,221,22.4,32.7,0,0.0
2024-08-19,127,24.1,34.7,0,0.0
2024-08-19,133,25.2,34.6,1,0.1
2024-08-19,135,23.1,33.0,0,0.0
2024-08-19,221,22.4,33.4,0,0.0
2024-08-20,127,25.3,34.0,0,0.0
2024-08-20,133,27.1,34.5,3,17.0
2024-08-20,135,25.5,31.3,1,2.1
2024-08-20,221,23.5,31.4,0,0.0
2024-08-21,127,26.0,30.2,11,9.4
2024-08-21,133,26.7,31.4,7,3.8000000000000003
2024-08-21,135,25.0,29.7,6,4.5
2024-08-21,221,24.5,28.6,11,17.4
2024-08-22,127,25.3,32.8,2,1.5
2024-08-22,133,26.1,32.1,1,0.5
2024-08-22,135,23.8,31.4,3,1.0
2024-08-22,221,24.9,30.6,7,6.9
2024-08-23,127,23.6,29.0,3,9.899999999999999
2024-08-23,133,24.2,32.5,0,0.0
2024-08-23,135,23.2,31.4,0,0.0
2024-08-23,221,23.0,28.3,0,0.0
2024-08-24,127,23.6,31.3,0,0.0
2024-08-24,133,25.5,32.6,1,6.8
2024-08-24,135,21.7,32.9,0,0.0
2024-08-24,221,22.2,30.6,0,0.0
2024-08-25,127,23.3,33.0,0,0.0
2024-08-25,133,24.4,32.6,1,0.5
2024-08-25,135,22.9,32.5,0,0.0
2024-08-25,221,21.8,31.1,0,0.0
2024-08-26,127,23.7,29.8,0,0.0
2024-08-26,133,24.7,31.8,0,0.0
2024-08-26,135,23.6,30.6,2,5.8999999999999995
2024-08-26,221,21.8,29.5,1,1.8
2024-08-27,127,23.1,27.0,3,20.2
2024-08-27,133,24.4,28.2,1,0.1
2024-08-27,135,22.2,27.3,0,0.0
2024-08-27,221,19.6,25.1,7,22.7
2024-08-28,127,20.3,32.0,0,0.0
2024-08-28,133,22.1,30.3,0,0.0
2024-08-28,135,20.1,27.7,0,0.0
2024-08-28,221,18.7,29.4,0,0.0
2024-08-29,127,21.3,31.9,0,0.0
2024-08-29,133,23.2,32.4,1,3.0
2024-08-29,135,21.7,29.2,1,5.2
2024-08-29,221,19.6,28.8,0,0.0
2024-08-30,127,21.2,33.1,0,0.0
2024-08-30,133,22.5,33.3,0,0.0
2024-08-30,135,20.5,32.4,0,0.0
2024-08-30,221,20.2,32.4,0,0.0
2024-08-31,127,21.2,31.5,0,0.0
2024-08-31,133,22.1,32.0,0,0.0
2024-08-31,135,22.2,31.2,0,0.0
2024-08-31,221,18.3,29.8,0,0.0
2024-09-01,127,21.2,31.7,0,0.0
2024-09-01,131,24.8,32.2,0,0.0
2024-09-01,135,19.8,31.7,0,0.0
2024-09-01,221,19.5,30.0,0,0.0
2024-09-01,226,20.5,30.9,0,0.0
2024-09-02,127,20.8,28.2,0,0.0
2024-09-02,131,23.8,28.9,1,2.9
2024-09-02,135,19.8,27.9,0,0.0
2024-09-02,221,18.3,27.0,0,0.0
2024-09-02,226,19.7,28.9,0,0.0
2024-09-03,127,22.6,30.1,0,0.0
2024-09-03,131,23.3,31.5,0,0.0
2024-09-03,135,19.8,27.2,0,0.0
2024-09-03,221,20.3,29.0,0,0.0
2024-09-03,226,23.0,28.8,0,0.0
2024-09-04,127,19.9,31.9,0,0.0
2024-09-04,131,22.3,32.8,0,0.0
2024-09-04,135,17.7,30.0,0,0.0
2024-09-04,221,16.3,30.0,0,0.0
2024-09-04,226,17.6,30.0,0,0.0
2024-09-05,127,20.2,31.5,1,0.3
2024-09-05,131,24.7,32.4,0,0.0
2024-09-05,135,18.2,32.4,0,0.0
2024-09-05,221,17.8,30.0,0,0.0
2024-09-05,226,18.6,31.5,0,0.0
2024-09-06,127,22.2,26.3,4,1.0999999999999999
2024-09-06,131,24.3,29.0,2,1.2
2024-09-06,135,22.3,25.8,4,4.3
2024-09-06,221,19.9,23.8,7,3.4
2024-09-06,226,22.6,27.0,3,1.2
2024-09-07,127,22.2,30.6,0,0.0
2024-09-07,131,24.2,32.0,0,0.0
2024-09-07,135,20.5,26.1,1,0.1
2024-09-07,221,19.9,29.9,2,0.2
2024-09-07,226,21.6,29.1,3,0.5
2024-09-08,127,21.4,32.5,0,0.0
2024-09-08,131,23.7,33.3,0,0.0
2024-09-08,135,22.0,31.6,0,0.0
2024-09-08,221,19.4,31.4,0,0.0
2024-09-08,226,21.5,32.2,0,0.0
2024-09-09,127,23.8,33.5,0,0.0
2024-09-09,131,25.8,34.4,0,0.0
2024-09-09,135,23.2,31.6,0,0.0
2024-09-09,221,21.6,31.5,0,0.0
2024-09-09,226,22.6,32.4,0,0.0
2024-09-10,127,22.7,34.9,0,0.0
2024-09-10,131,26.3,35.6,0,0.0
2024-09-10,135,21.3,33.6,0,0.0
2024-09-10,221,20.4,33.4,0,0.0
2024-09-10,226,23.0,34.4,0,0.0
2024-09-11,127,22.7,33.3,2,0.6
2024-09-11,131,26.0,33.7,3,7.0
2024-09-11,135,22.2,30.6,4,7.5
2024-09-11,221,21.0,32.5,2,4.8999999999999995
2024-09-11,226,22.2,30.8,3,3.4
2024-09-12,127,23.7,26.7,17,35.9
2024-09-12,131,25.5,29.5,11,57.4
2024-09-12,135,23.6,28.0,3,3.0000000000000004
2024-09-12,221,23.0,24.3,18,32.9
2024-09-12,226,23.5,27.3,13,2.4
2024-09-13,127,23.7,30.8,0,0.0
2024-09-13,131,24.6,32.7,0,0.0
2024-09-13,135,23.1,32.3,0,0.0
2024-09-13,221,22.7,29.5,2,3.8
2024-09-13,226,22.7,32.5,0,0.0
2024-09-14,127,24.2,30.2,3,2.0
2024-09-14,131,26.6,33.2,0,0.0
2024-09-14,135,22.2,33.6,0,0.0
2024-09-14,221,23.1,28.2,1,0.2
2024-09-14,226,23.2,33.5,1,0.2
2024-09-15,127,24.3,31.8,0,0.0
2024-09-15,131,26.2,35.1,0,0.0
2024-09-15,135,22.7,30.6,0,0.0
2024-09-15,221,22.2,28.6,0,0.0
2024-09-15,226,23.4,32.1,0,0.0
2024-09-16,127,23.6,31.9,0,0.0
2024-09-16,131,26.5,31.3,0,0.0
2024-09-16,135,23.3,27.8,0,0.0
2024-09-16,221,22.0,30.4,0,0.0
2024-09-16,226,23.1,28.0,0,0.0
2024-09-17,127,24.2,33.4,0,0.0
2024-09-17,131,26.7,34.9,0,0.0
2024-09-17,135,22.7,34.5,0,0.0
2024-09-17,221,22.8,31.9,1,0.1
2024-09-17,226,23.3,34.3,0,0.0
2024-09-18,127,23.5,32.7,3,12.5
2024-09-18,131,24.9,33.8,3,58.0
2024-09-18,135,22.8,32.4,6,59.7
2024-09-18,221,22.5,32.1,4,19.4
2024-09-18,226,23.3,32.6,6,14.4
2024-09-19,127,23.2,32.0,0,0.0
2024-09-19,131,24.7,32.1,0,0.0
2024-09-19,135,22.1,29.4,0,0.0
2024-09-19,221,21.9,30.0,0,0.0
2024-09-19,226,22.9,31.1,0,0.0
2024-09-20,127,21.1,28.8,10,43.6
2024-09-20,131,25.5,28.5,12,42.1
2024-09-20,135,23.5,25.8,9,14.600000000000001
2024-09-20,221,17.3,26.8,12,48.9
2024-09-20,226,24.1,25.8,13,26.9
2024-09-21,127,18.3,20.2,18,115.4
2024-09-21,131,19.6,25.5,19,159.2
2024-09-21,135,18.8,23.7,21,132.1
2024-09-21,221,16.4,19.7,18,77.6
2024-09-21,226,19.3,24.6,17,99.1
2024-09-22,127,16.7,25.2,0,0.0
2024-09-22,131,18.5,25.8,1,0.2
2024-09-22,135,18.5,23.3,0,0.0
2024-09-22,221,15.2,23.6,1,0.2
2024-09-22,226,18.5,24.2,0,0.0
2024-09-23,127,16.3,24.7,0,0.0
2024-09-23,131,17.8,25.7,0,0.0
2024-09-23,135,14.3,23.1,0,0.0
2024-09-23,221,12.7,22.3,0,0.0
2024-09-23,226,14.4,22.9,0,0.0
2024-09-24,127,14.6,26.3,0,0.0
2024-09-24,131,15.8,26.9,0,0.0
2024-09-24,135,11.3,24.2,0,0.0
2024-09-24,221,11.1,24.7,0,0.0
2024-09-24,226,12.4,24.5,0,0.0
2024-09-25,127,16.2,27.8,0,0.0
2024-09-25,131,20.0,28.3,0,0.0
2024-09-25,135,16.7,26.3,0,0.0
2024-09-25,221,13.8,25.9,0,0.0
2024-09-25,226,16.1,25.9,0,0.0
2024-09-26,127,19.3,28.0,0,0.0
2024-09-26,131,22.0,29.0,0,0.0
2024-09-26,135,17.2,28.2,0,0.0
2024-09-26,221,17.4,26.7,2,4.0
2024-09-26,226,18.6,27.7,0,0.0
2024-09-27,127,19.1,26.8,0,0.0
2024-09-27,131,20.7,28.4,0,0.0
2024-09-27,135,17.8,27.0,0,0.0
2024-09-27,221,17.6,26.4,0,0.0
2024-09-27,226,17.3,27.2,0,0.0
2024-09-28,127,20.2,27.1,0,0.0
2024-09-28,131,19.9,28.2,0,0.0
2024-09-28,135,16.2,23.4,0,0.0
2024-09-28,221,18.1,25.2,0,0.0
2024-09-28,226,16.3,25.0,0,0.0
2024-09-29,127,16.3,27.0,0,0.0
2024-09-29,131,19.5,28.2,0,0.0
2024-09-29,135,14.7,24.6,0,0.0
2024-09-29,221,14.4,24.8,0,0.0
2024-09-29,226,16.3,25.2,0,0.0
2024-09-30,127,14.0,26.8,0,0.0
2024-09-30,131,17.2,27.7,0,0.0
2024-09-30,135,12.1,25.5,0,0.0
2024-09-30,221,11.1,25.1,0,0.0
2024-09-30,226,11.9,26.0,0,0.0
2024-10-01,127,14.0,20.1,3,0.6000000000000001
2024-10-01,131,16.1,20.7,2,1.4
2024-10-01,135,12.6,23.3,2,1.2
2024-10-01,221,10.7,19.2,3,1.0
2024-10-01,226,12.9,21.0,0,0.0
2024-10-02,127,8.6,19.5,0,0.0
2024-10-02,131,12.4,20.0,0,0.0
2024-10-02,135,7.9,19.1,0,0.0
2024-10-02,221,7.1,18.8,0,0.0
2024-10-02,226,8.3,19.3,0,0.0
2024-10-03,127,7.5,17.1,6,10.5
2024-10-03,131,10.6,15.8,7,3.6
2024-10-03,135,7.1,16.2,6,4.3999999999999995
2024-10-03,221,6.5,17.0,5,7.3
2024-10-03,226,7.1,15.7,6,7.1
2024-10-04,127,10.7,22.2,0,0.0
2024-10-04,131,11.0,22.5,0,0.0
2024-10-04,135,8.8,20.7,0,0.0
2024-10-04,221,9.2,21.1,0,0.0
2024-10-04,226,9.4,21.7,0,0.0
2024-10-05,127,10.3,22.7,0,0.0
2024-10-05,131,11.6,23.2,0,0.0
2024-10-05,135,7.5,21.9,0,0.0
2024-10-05,221,7.7,21.9,0,0.0
2024-10-05,226,7.6,21.4,0,0.0
2024-10-06,127,11.3,18.0,2,0.2
2024-10-06,131,14.1,18.7,1,0.1
2024-10-06,135,10.8,18.4,2,0.2
2024-10-06,221,8.4,16.5,1,0.1
2024-10-06,226,10.6,18.3,2,0.30000000000000004
2024-10-07,127,13.8,19.3,1,0.3
2024-10-07,131,15.6,19.9,4,0.9
2024-10-07,135,13.1,18.7,4,2.9
2024-10-07,221,12.1,18.7,0,0.0
2024-10-07,226,13.2,18.6,4,2.5999999999999996
2024-10-08,127,12.0,22.0,0,0.0
2024-10-08,131,14.1,21.8,0,0.0
2024-10-08,135,12.6,21.4,0,0.0
2024-10-08,221,8.9,21.7,0,0.0
2024-10-08,226,12.2,22.0,0,0.0
2024-10-09,127,11.0,23.7,0,0.0
2024-10-09,131,14.1,23.8,0,0.0
2024-10-09,135,9.9,21.1,0,0.0
2024-10-09,221,9.7,22.0,0,0.0
2024-10-09,226,9.4,21.7,0,0.0
2024-10-10,127,11.3,22.1,0,0.0
2024-10-10,131,15.1,23.1,2,3.1999999999999997
2024-10-10,135,9.6,21.8,0,0.0
2024-10-10,221,9.1,20.7,0,0.0
2024-10-10,226,10.7,22.4,0,0.0
2024-10-11,127,11.0,23.0,0,0.0
2024-10-11,131,13.3,23.7,0,0.0
2024-10-11,135,10.2,22.7,0,0.0
2024-10-11,221,8.5,22.0,0,0.0
2024-10-11,226,9.8,22.5,0,0.0
2024-10-12,127,10.4,22.6,0,0.0
2024-10-12,131,13.0,23.7,0,0.0
2024-10-12,135,9.1,22.9,0,0.0
2024-10-12,221,7.5,21.3,0,0.0
2024-10-12,226,8.6,22.8,1,0.1
2024-10-13,127,8.3,23.4,0,0.0
2024-10-13,131,12.3,23.6,0,0.0
2024-10-13,135,7.8,21.6,0,0.0
2024-10-13,221,7.6,21.3,0,0.0
2024-10-13,226,6.9,21.3,0,0.0
2024-10-14,127,14.6,18.6,5,1.9000000000000001
2024-10-14,131,17.5,19.6,10,5.0
2024-10-14,135,14.6,18.7,11,10.2
2024-10-14,221,12.9,18.4,2,0.5
2024-10-14,226,14.2,18.6,11,7.3
2024-10-15,127,15.8,19.8,9,12.0
2024-10-15,131,17.2,20.5,12,11.6
2024-10-15,135,15.6,18.7,8,9.4
2024-10-15,221,13.7,19.0,8,8.8
2024-10-15,226,15.7,19.4,10,25.1
2024-10-16,127,15.2,23.5,0,0.0
2024-10-16,131,17.1,23.8,0,0.0
2024-10-16,135,14.3,22.7,0,0.0
2024-10-16,221,12.4,21.9,0,0.0
2024-10-16,226,13.8,22.3,0,0.0
2024-10-17,127,15.1,23.8,0,0.0
2024-10-17,131,14.6,25.4,0,0.0
2024-10-17,135,14.0,21.2,0,0.0
2024-10-17,221,10.8,22.6,0,0.0
2024-10-17,226,12.1,22.4,0,0.0
2024-10-18,127,15.5,20.3,11,74.5
2024-10-18,131,17.7,22.5,10,69.5
2024-10-18,135,14.3,20.3,7,4.6
2024-10-18,221,13.5,17.9,10,69.5
2024-10-18,226,14.1,20.5,8,26.8
2024-10-19,127,12.8,19.3,6,9.700000000000001
2024-10-19,131,14.3,22.0,6,6.3
2024-10-19,135,11.1,20.8,9,13.200000000000001
2024-10-19,221,10.5,18.7,5,8.7
2024-10-19,226,12.1,22.7,3,1.2
2024-10-20,127,10.3,16.6,0,0.0
2024-10-20,131,11.5,16.7,0,0.0
2024-10-20,135,9.8,13.5,0,0.0
2024-10-20,221,7.5,14.2,0,0.0
2024-10-20,226,10.3,14.4,0,0.0
2024-10-21,127,7.5,19.7,1,0.2
2024-10-21,131,9.3,19.2,0,0.0
2024-10-21,135,7.9,16.5,4,1.5
2024-10-21,221,5.3,18.6,0,0.0
2024-10-21,226,7.7,17.6,2,0.4
2024-10-22,127,14.8,17.7,19,9.7
2024-10-22,131,15.8,18.8,18,8.8
2024-10-22,135,13.1,17.4,17,23.9
2024-10-22,221,13.4,17.0,18,14.6
2024-10-22,226,13.9,18.9,20,23.099999999999998
2024-10-23,127,11.0,17.2,4,2.9
2024-10-23,131,12.6,18.0,3,1.3
2024-10-23,135,10.6,17.2,2,0.6
2024-10-23,221,10.5,16.4,7,3.1999999999999997
2024-10-23,226,9.7,17.0,4,3.2
2024-10-24,127,6.9,17.5,0,0.0
2024-10-24,131,8.8,18.8,0,0.0
2024-10-24,135,6.1,17.3,0,0.0
2024-10-24,221,4.0,17.5,0,0.0
2024-10-24,226,5.2,17.7,0,0.0
2024-10-25,127,6.3,20.7,0,0.0
2024-10-25,131,9.1,21.6,0,0.0
2024-10-25,135,5.4,18.2,0,0.0
2024-10-25,221,4.1,20.0,0,0.0
2024-10-25,226,4.6,19.2,0,0.0
2024-10-26,127,8.1,23.6,0,0.0
2024-10-26,131,12.0,23.6,0,0.0
2024-10-26,135,11.6,20.4,0,0.0
2024-10-26,221,6.5,22.1,0,0.0
2024-10-26,226,8.7,21.5,0,0.0
2024-10-27,127,10.6,19.0,2,0.30000000000000004
2024-10-27,131,14.3,19.4,1,1.0
2024-10-27,135,9.3,15.1,7,1.8
2024-10-27,221,9.1,17.7,2,0.39999999999999997
2024-10-27,226,10.0,17.3,2,2.1
2024-10-28,127,11.8,18.1,0,0.0
2024-10-28,131,13.5,18.5,0,0.0
2024-10-28,135,10.0,15.0,2,1.0
2024-10-28,221,8.4,18.1,0,0.0
2024-10-28,226,10.8,16.5,0,0.0
2024-10-29,127,10.6,19.9,0,0.0
2024-10-29,131,13.3,20.1,0,0.0
2024-10-29,135,7.4,17.0,0,0.0
2024-10-29,221,7.5,18.4,0,0.0
2024-10-29,226,10.3,18.0,0,0.0
2024-10-30,127,8.3,20.8,0,0.0
2024-10-30,131,12.1,21.7,0,0.0
2024-10-30,135,7.3,20.1,0,0.0
2024-10-30,221,6.3,19.7,0,0.0
2024-10-30,226,7.8,20.7,0,0.0
2024-10-31,127,6.9,22.0,0,0.0
2024-10-31,131,10.6,22.4,0,0.0
2024-10-31,135,7.2,19.6,0,0.0
2024-10-31,221,5.3,20.4,0,0.0
2024-10-31,226,5.6,20.9,0,0.0
2024-11-01,127,9.3,15.1,2,1.1
2024-11-01,131,13.0,15.6,2,2.2
2024-11-01,221,7.8,13.6,1,0.3
2024-11-01,226,9.4,16.3,3,2.0
2024-11-02,127,13.0,23.8,0,0.0
2024-11-02,131,13.3,23.7,2,0.8
2024-11-02,221,9.7,21.1,0,0.0
2024-11-02,226,12.1,22.9,1,0.1
2024-11-03,127,8.4,21.8,0,0.0
2024-11-03,131,12.6,23.1,0,0.0
2024-11-03,221,5.8,20.1,0,0.0
2024-11-03,226,7.8,20.6,0,0.0
2024-11-04,127,7.5,20.2,1,0.1
2024-11-04,131,11.6,20.9,0,0.0
2024-11-04,221,6.0,19.6,2,0.2
2024-11-04,226,7.4,19.6,1,0.3
2024-11-05,127,5.6,15.0,0,0.0
2024-11-05,131,8.4,15.1,0,0.0
2024-11-05,221,4.4,15.3,0,0.0
2024-11-05,226,5.6,14.8,0,0.0
2024-11-06,127,-1.0,13.0,0,0.0
2024-11-06,131,4.7,13.3,0,0.0
2024-11-06,221,-1.8,12.0,0,0.0
2024-11-06,226,-0.6,12.7,0,0.0
2024-11-07,127,-1.3,15.5,0,0.0
2024-11-07,131,2.0,15.7,0,0.0
2024-11-07,221,-2.8,15.3,0,0.0
2024-11-07,226,-2.0,16.6,0,0.0
2024-11-08,127,1.0,18.4,0,0.0
2024-11-08,131,4.4,18.2,0,0.0
2024-11-08,221,0.1,16.2,0,0.0
2024-11-08,226,0.6,17.7,0,0.0
2024-11-09,127,5.2,20.2,0,0.0
2024-11-09,131,8.6,19.5,0,0.0
2024-11-09,221,4.6,17.9,0,0.0
2024-11-09,226,4.8,18.3,0,0.0
2024-11-10,127,7.0,19.7,0,0.0
2024-11-10,131,10.8,20.4,0,0.0
2024-11-10,221,5.4,18.4,0,0.0
2024-11-10,226,7.2,19.4,0,0.0
2024-11-11,127,5.9,20.1,0,0.0
2024-11-11,131,8.8,21.2,0,0.0
2024-11-11,221,3.2,19.5,0,0.0
2024-11-11,226,3.9,20.2,0,0.0
2024-11-12,127,7.0,18.8,0,0.0
2024-11-12,131,11.8,19.6,0,0.0
2024-11-12,221,4.7,18.7,0,0.0
2024-11-12,226,6.7,18.8,0,0.0
2024-11-13,127,3.7,20.2,0,0.0
2024-11-13,131,8.3,20.8,0,0.0
2024-11-13,221,2.2,17.7,0,0.0
2024-11-13,226,2.8,18.7,0,0.0
2024-11-14,127,7.6,18.3,1,0.3
2024-11-14,131,11.5,19.7,0,0.0
2024-11-14,221,5.7,16.9,1,0.4
2024-11-14,226,6.4,17.5,0,0.0
2024-11-15,127,10.5,19.1,3,2.8000000000000003
2024-11-15,131,13.1,21.5,2,2.8
2024-11-15,221,9.6,18.0,2,2.3000000000000003
2024-11-15,226,9.3,18.3,3,4.7
2024-11-16,127,9.8,22.8,1,0.2
2024-11-16,131,12.8,23.1,1,0.2
2024-11-16,221,8.3,20.7,1,0.2
2024-11-16,226,8.4,22.1,0,0.0
2024-11-17,127,1.2,15.3,1,0.7
2024-11-17,131,5.0,15.6,1,1.7
2024-11-17,221,2.1,14.6,1,0.9
2024-11-17,226,0.5,15.1,1,0.4
2024-11-18,127,-3.6,7.0,0,0.0
2024-11-18,131,1.5,7.5,0,0.0
2024-11-18,221,-4.2,6.8,0,0.0
2024-11-18,226,-3.4,6.9,0,0.0
2024-11-19,127,-3.5,12.1,0,0.0
2024-11-19,131,-0.2,14.0,0,0.0
2024-11-19,221,-4.4,9.9,0,0.0
2024-11-19,226,-4.5,11.5,0,0.0
2024-11-20,127,-0.7,10.0,0,0.0
2024-11-20,131,2.6,10.7,0,0.0
2024-11-20,221,-2.6,10.3,0,0.0
2024-11-20,226,-1.5,10.8,0,0.0
2024-11-21,127,2.5,13.0,1,0.2
2024-11-21,131,6.1,13.6,0,0.0
2024-11-21,221,0.0,10.9,1,0.2
2024-11-21,226,3.3,12.7,0,0.0
2024-11-22,127,0.6,10.3,0,0.0
2024-11-22,131,5.3,11.0,0,0.0
2024-11-22,221,-1.7,9.7,0,0.0
2024-11-22,226,-0.2,10.6,0,0.0
2024-11-23,127,-3.0,12.0,0,0.0
2024-11-23,131,1.7,12.1,0,0.0
2024-11-23,221,-4.1,10.9,0,0.0
2024-11-23,226,-3.2,11.1,0,0.0
2024-11-24,127,-1.7,12.6,0,0.0
2024-11-24,131,2.4,13.7,0,0.0
2024-11-24,221,-3.1,11.3,0,0.0
2024-11-24,226,-1.8,13.4,0,0.0
2024-11-25,127,-1.1,15.1,0,0.0
2024-11-25,131,3.5,16.7,0,0.0
2024-11-25,221,-2.8,13.5,0,0.0
2024-11-25,226,-1.5,13.8,0,0.0
2024-11-26,127,4.9,12.6,5,22.4
2024-11-26,131,5.0,12.1,4,21.2
2024-11-26,221,3.3,9.2,4,20.3
2024-11-26,226,4.3,10.5,5,14.4
2024-11-27,127,-1.8,4.4,5,8.0
2024-11-27,131,0.5,4.9,7,7.4
2024-11-27,221,-2.2,3.0,5,4.4
2024-11-27,226,0.6,4.7,7,4.5
2024-11-28,127,-1.8,1.5,6,13.0
2024-11-28,131,1.0,4.8,6,4.8
2024-11-28,221,-2.7,1.0,6,12.7
2024-11-28,226,0.6,5.9,6,2.4
2024-11-29,127,-4.7,3.5,1,0.2
2024-11-29,131,0.0,4.7,1,0.1
2024-11-29,221,-9.4,1.6,1,0.2
2024-11-29,226,-1.7,4.0,2,0.7999999999999999
2024-11-30,127,-3.3,4.5,1,0.1
2024-11-30,131,0.6,7.4,0,0.0
2024-11-30,221,-4.2,4.3,0,0.0
2024-11-30,226,-2.0,8.5,0,0.0
2024-12-01,221,-0.9,7.8,0,0.0
2024-12-02,221,0.7,11.4,1,0.7
2024-12-03,221,-4.9,3.5,0,0.0
2024-12-04,221,-5.4,4.1,0,0.0
2024-12-05,221,-3.3,5.4,0,0.0
2024-12-06,221,-3.3,4.7,0,0.0
2024-12-07,221,-5.4,2.7,0,0.0
2024-12-08,221,-8.4,1.9,0,0.0
2024-12-09,221,-9.7,4.6,0,0.0
2024-12-10,221,-8.6,4.8,0,0.0
2024-12-11,221,-4.1,7.3,0,0.0
2024-12-12,221,-7.5,3.9,0,0.0
2024-12-13,221,-3.5,4.0,0,0.0
2024-12-14,221,-9.3,1.2,0,0.0
2024-12-15,221,-5.6,2.9,0,0.0
2024-12-16,221,-9.2,2.4,0,0.0
2024-12-17,221,-7.9,2.1,0,0.0
2024-12-18,221,-9.9,-0.5,0,0.0
2024-12-19,221,-11.6,2.4,0,0.0
2024-12-20,221,-8.0,1.6,0,0.0
2024-12-21,221,-4.0,0.8,4,2.1
2024-12-22,221,-11.9,-2.2,0,0.0
2024-12-23,221,-12.9,3.6,0,0.0
2024-12-24,221,-10.5,1.9,0,0.0
2024-12-25,221,-8.6,3.4,0,0.0
2024-12-26,221,-3.9,2.9,2,0.2
2024-12-27,221,-9.4,-0.6,0,0.0
2024-12-28,221,-10.0,-1.4,0,0.0
2024-12-29,221,-9.6,3.7,0,0.0
2024-12-30,221,-2.2,6.6,1,0.1
2024-12-31,221,-7.0,5.0,0,0.0
